title,body,url,side_score,failure_score,noise_score,final_score,reason
용봉동 나들가게파머스마켓에서 남자 아르바이트생을 구합니다.,"21/11/08 13:08
안녕하세요! 용봉동 나들가게파머스마켓에서 남자 아르바이트생을 구합니다.
1. 업무는 매장 물건 채우기, 청소, 계산입니다.
2. 임금은 최저임금 8720원입니다.
3. 주말(토, 일)에 일하고, 18~22 4시간씩 일주일에 총 8시간 일합니다.
일이 정말 쉽고, 매장이 작아서 일이 많지 않습니다.
물건 채우고 청소를 하고 나면, 편하게 앉아 있다가 손님이 올 때만 일어나서 계산하면 됩니다. 근무 시간도 적어서 대학 생활과 병행하거나 투잡으로 하기 좋습니다.
010-5158-1814로 많은 지원 부탁드립니다~~~",https://everytime.kr/375208/v/217427374,3,5,0,8,부업+실패 표현 충분
전대생 에띵구미 스티커 출시✨,"22/04/06 13:29
안녕하세요! 에브리띵이즈오케이입니다😊
이번에 전대생 구미 일상 스티커와 단대 스티커,
단대 리무버블 스티커 10종이 출시되었습니다 !
이번 리무버블 스티커에서 제외된 5종은
추후 출시될 예정입니다💦
에띵오 매장과 스마트스토어(업로드 예정)에서 구매 가능하세요🌸
굿즈로 출시되길 바라는 제품이 있다면 댓글로 말씀해주세요. 감사합니다😙
단대 리무버블 스티커 1,500원
전대생 에띵구미 일상 스티커 3,000원
단대 에띵구미 스티커 3,000원",https://everytime.kr/375182/v/244468847,3,5,0,8,부업+실패 표현 충분
,"(알수없음)
20/04/06 00:34
안녕하세요 스물 일곱살 아재입니다. 원래 에타도 잘 안하고 학교 다닐때나 시간표 보는 용도로 썼었는데, 요새 생각이 너무 많아서 글이나 끄적이다가 자려구요 :)
제 나이쯤 되면 다들 똑같겠지만.. 스물 일곱 취준생이라는게 생각보다 많이 힘드네요. 지금 시국이 코로나 시국이라 더 그런 것 같기도 해요.
먼저 나이 이야기를 하고 싶은데 학교에선 많고, 회사에서는 적은 나이에요. 마음만은 스물셋 정도 되는 것 같은데, 더 이상 학생 때의 모습을 바라기엔 욕심이 너무 큰 것 같아요. 그런데 우리 동년배들.. 그렇게 생각하는 것 보다 아저씨아니고, 어른도 아니에요. 스무살이나 스물일곱이나 다 똑같으니까 학교에서 지나가다가 나이 많은 사람 있어도 무서워 할 필요 없어요. 오히려 우리가 거기 있어서 더 미안하고 무서워요😅 오빠 소리도 아직 좋아하구요.
그리고 취준생이라 돈 쓸일은 많이 없지만.. 그래도 공부하려면 돈이 필요하더라구요? 없으면 쪼들리는대로 불안하고, 나를 위해 쓰는 돈이 없으니 점점 초라해져요. 그런데 알바를 하자니 시간도 시간이지만 나이가 너무 많은 것 같고, 집에서 용돈 받아서 쓰긴 눈치보여요. 저희 집이 그렇게 잘 사는건 아니라서요😉 집안 사정도 복잡하고.. 가족들 다 떨어져서 저 혼자 사는데 이렇게 5년이 넘다보니 매일매일 월급날 계산해서 돈 쓰는것도 머리가 아파요🙃
마지막은 코로나인데.. 저는 운 좋게 코로나가 심하게 터지기 전 모 회사에서 인턴생활을 시작해서 하고 있지만 그래도 지금껏 준비 해 오던 자격증 시험들이 다 밀리고 밀려서 시간이 붕 떠버렸어요. 계획세워서 공부하고 끝내는게 좋은데, 의미없는 매일을 살고 있는 것 같아요. 출근해도 일이 없으니 책이나 읽고, 나가서 놀자니 불안하고, 여자친구도 헤어진지 좀 되서 남들 다 하는 연애도 못하네요ㅎㅎ.. 졸업하고 회사 다니니 새로운 인연도 없고~ 학교에선 아저씨, 회사에선 능력없는 학생이라서 맘에 드는 사람이 있어도 이도저도 못하겠어요. 그래서 다 포기했지만..ㅋㅋㅋ 아! 물론 돈도 없어요👌
쓰다보니 글이 길어졌네요. 혹시나 여기까지 읽어주셨다면 너무 감사드리고 부끄럽습니다. 저는 내일 출근해야해서 이만 자려고 노력 해 볼게요. 걱정이 많으면 잠이 잘 안오지만.. 재택근무를 안해주니 일찍 자려고 노력해야죠😅 그럼 모두 안녕, 우리 동년배들 힘내요!
(삭제)
삭제된 댓글입니다.
(알수없음)
고마워요 댓쓴씨😉
20/04/06 00:36",https://everytime.kr/386037/v/114318262,3,5,2,6,부업+실패 표현 충분
대면강의 2주전에 공지를 해달라!,"20/05/01 20:01
이미 기숙사 들어갔거나, 광주에 사는 학생이면 공감이 안 될테니 뒤로 가기를 눌러주세요!
광주에서 멀리 떨어진 곳에 사는 타지생이다. 우리 학교는 4월17일에 공식적으로 1학기 말까지 재택수업을 시행한다는 공지를 발표했다. 코로나 사태가 진정될 시, 대면수업 전환 1주전에 공지한다는 말과 함께 말이다. 뭐 우리나라가 중국도 아니고 학교로 가는데 몇 일씩 걸리는 것도 아니기에, 그 때는 그냥 그러려니 했다. 근데 생활관(편의상 뒤에 쓸때는 그냥 기숙사라 하겠다.) 공지를 보고 조금 화가 났다. 왜 화가 났는지 단계 별로 알아보겠다.
먼저 4월 27일 이후 입주하는 기숙사생들이 밟아야 할 절차에 대해 알아보자
1. 입주하고 싶은 주 금요일의(원칙상 매주 금요일에 입주 아래 사진 참고) 전주 금요일까지 입주 신청을 한다.
2. 신청을 한 주의 그 다음주 월요일에 선발 및 화요일에 동호실 신청
3. 선발된 주 금요일에 입주.
여기서 의문점이 생길 수 있다.
""아니 1주전에 공지하는데 신청•입주까지도 1주일 걸리는데 왜 발광이지?""
물론 요일을 배제하고 생각하면 날짜상 걸리는 시간은 7일이 맞다. 그런데 생각해보자. 대학 시간표는 월요일부터 시작한다. 그러면 대면강의 시작하기 1주일 전에 공지한단 소리는, 대면강의 1주전 월요일에 공지한단 소리다. 그런데 기숙사는 희망 입주일(금요일) 1주전에 신청해서 그 다음주 금요일에 들어간다. 그래서 참 타지에서 기숙사 재신청해서 들어가는 사람들에게 멍멍이 같다는 거다. 뭔 소리냐면, 대면강의 1주전 월요일에 공지가 올라왔다고 해보자. 그럼 기숙사 신청을 해야겠지? 신청하면 공지 올라온 주에 선발되는 게 아니라 그 다음주에 선발되서 대면강의로 전환된 주 금요일에 들어가게 되는거다. 그래서 주로 따지면 사실상 2주가 걸린다. (1주:신청하는 주, 2주:동호실 신청•입주하는 주)
그래서 결론적으로 내가 왜 빡쳤는지 정리해서 알아보자.
1. 우리 학교는 대면강의 1주전에 공지한다.
2. 4월 27일 이후 기숙사에 들어가는 학생들은 기숙사 재신청•입주까지 사실상 2주가 소요된다.
(왜 사실 상 2주인지는 위에 설명)
3. 즉 기숙사를 꼭 들어가야 하는 타지생들은 대면강의 전환 후 4일간(대면강의 전환된 주 월화수목) 알아서 잘 곳 구해서 다니고 들어가든가, 공지 전에 반강제로 알아서 들어가야함.
4.???? 이게 학교냐?
그럼 또 여기서 이렇게 따질 수 있다.
""아니 그럼 기숙사 미리 신청해서 들어가면 되지 지능 딸림?""
물론 먼저 신청해서 들어갈 수 있다. 실제로 먼저 들어간 사람도 있고. 그런데 상식적으로 학교에서 대면수업으로 전환한다고 공지하면 적어도 대면수업 시작할 때까지는 기숙사에 들어갈 수 있도록 해줘야 하는거 아닌가? 어째서 학생들이 학교 눈치를 보면서 기숙사 신청을 해야하는가. 2주전에 공지하는개 그렇게 어려운 일인가? 그냥 다른 학교들 눈치보는 것 밖에로는 안보인다. 심지어 1학기는 기숙사에서 식사 제공도 안한다. 학교에서 학생들의 선택할 권리를 충분히 보장할 수 있음에도 하지 않는 것에 나는 화가난다.
꼭 기숙사 문제가 아니더라도 과제가 많은 과들이 많은데, 타지생들은 1주일 안에 강의 다듣고, 과제 다하고 짐 다싸고 기차표나 비행기표 예약을 해야된단 말인가?
전남대학교의 대면수업 전환 2주전 공지를 요구한다.
(삭제)
삭제된 댓글입니다.",https://everytime.kr/375208/v/119006332,3,5,1,7,부업+실패 표현 충분
,"(알수없음)
21/09/15 21:11
초등학생이랑 중학생저학년이라서 진짜 쉬워요 갑자기 서울올라가서 공부하는바람에 꿀알바 넘깁니다 ㅠㅠ
월수 6시~9시입니다
1. 업체명 : C.S교육원
2. 업무 내용 : C.S교육원 홈페이지에서 화상창 띄우셔서 수업 하시는거에요 .
3. 근무 시간 : 월수 오후 6시~7시10분 초중등 영어 7시 20분~8시 50분 고등영어 (시간 조정가능)
4. 자격 : 대학생.휴학생.졸업생 (만21세 이상 수업경력자 우대)
5. 임금 : 초 중등 영어 시급10.000원~ (단계별 시급 인상) 고등영어 시급 12000~
화상수업 하는방법 배우신후 저희 학원에서 수업하기 아니면 집에서 재택으로 수업하기 선택.
편하고 재미있게 학원이나 집에서 수업하실 선생님 구해요.
장기알바 하시기엔 굉장히 편하고 안정적인 꿀알바입니다.
수업 경험 있으시다면 화상수업 경험없어도 많이 지원해주세요.
-참고사항 : 가능하면 최소6개월이상 근무하실분 우선채용합니다.
이력서 (지원분야기재) 또는 본인 간단한프로필 이멜접수후 문자주세요.
담 당 자 : 010-9943-9184 프로필 (24시 문자접수)
E-mail : mbccampus@naver.com (이력서 이멜접수후 문자)
교 육 원 : 광주광역시 북구 서암대로 170 용봉빌딩3층",https://everytime.kr/424589/v/209443938,3,5,1,7,부업+실패 표현 충분
재택알바 시급 9000원,"21/05/01 15:46
집에서 걍 앉아서 컴퓨터로 쿠팡에다가
제품 올리는건데
일주일에 8만원 번다~",https://everytime.kr/375208/v/187268580,3,5,0,8,부업+실패 표현 충분
주디마리 빼빼로데이 이벤트/ 문익점 푸딩 전국배송 시작합니다‼️,"21/11/09 21:47
🤎주디마리X빼빼로데이 이벤트🤎
트위터에서 매우 핫한 🔥 바로 그 곳!
품절대란에 웨이팅까지 있는 자타공인 푸딩 맛집 '주디마리'에서 특별한 이벤트를 준비했습니다! 💖💖
1️⃣ 빼빼로데이 이벤트
⠀
∙ 주문제작 접수 기간 : 11/7(일) 20:00 ~ 11/10일(수) 22:00
∙ 수령 기간 : 11/10(수) ~ 11/12(금)
∙ 수령 장소 : 주디마리 매장 (광주 북구 우치로 86, 지하 1층)
∙ 예약방법 : 주디마리 카카오톡 플러스친구 이용
___
🐻💝🐻 곰돌이 커플 세트
구성 : 곰돌이 밀크티 2개 + 문익점 푸딩 1개 + 하트 브라우니 1개 + 곰돌이 쿠키 4개 + 상자 포장
가격 : 22,600원 ➡️ 20,000원
⠀
🐻 곰돌이 솔로 세트
구성 : 곰돌이 밀크티 1개 + 문익점 푸딩 1개 + 하트 브라우니 1개 + 곰돌이 쿠키 1개 + 상자 포장
가격 : 13,900원 ➡️ 12,000원
⠀
🐻🍪 11/11 하트베어 쿠키
가격 : 3,500원 [매장에 상시 구비 예정]
___
⠀
🍪🔡이니셜 빼빼로 쿠키(2pc) : 8,000원
∙ 빼빼로 쿠키 위에 곰돌이와 알파벳 이니셜 쿠키를 얹어드려용!
∙ 주문 시 이니셜을 함께 말씀해 주세요. (3글자 x 2)
___
⠀
🍪🔡 이니셜 빼빼로 쿠키(2pc) + 📝히든메세지 빼빼로 쿠키 세트(2pc) : 14,000원 (총 4pc)
[히든 메세지 빼빼로 쿠키는 이니셜 빼빼로 쿠키 밑에 들어가는 숨겨진 쿠키 메세지 입니다!]
∙ 1pc당 최대 12자, 총 24자 가능합니다. (Only English)
∙ 히든메세지 빼빼로 쿠키는 이니셜 빼빼로 쿠키에 포함한 세트 상품으로만 구성됩니다.
⠀
➕옵션
상자 포장 : 1,000원⠀
∙ 상자 포장을 주문 시, 흰색 상자와 이쁜 리본으로 마무리됩니다.
주문 시, 꼭 주디마리 카카오톡 플러스친구를 이용해주세요!! 🤎
___
2️⃣ 문익점 푸딩 전국 배송 이벤트
‼ 11월 12일 금요일 밤 10시 ‼스마트스토어 오픈!!!
게다가 이번 스마트 스토어 오픈 때에는 기존 푸딩과 함께 문익점 푸딩 2탄, 초코푸딩도 함께 판매합니다!!!🍫
⠀⠀
∙ 오픈 기간
11월 12일(금) 22:00 ~ 11월 15일(월)
∙ 배송 시작
11월 16일(화)
열심히 준비했으니 많이 찾아와주시고, 많이 주문해주세요! 🤍🤍🤍",https://everytime.kr/375182/v/217631152,5,9,0,14,부업+실패 표현 충분
비전공 개발자준비생입니다,"24/06/17 13:05
현재 나이 29살에 부트캠프를하고있는데요
플젝이 한달뒤에나 끝날거같아요..
현재플젝에대한 이해도가 너무떨어지고 팀원들도 못하는데 문제점이뭐냐면 저희수준에비해 팀플요구사항이 넘빡세구요 저역시도 플젝만받고 바로 공기업전산직이나 대기업전산직 혹은 기술영업쪽으로 가고싶어서
그래서 그냥 팀플대충 하고 결과물만 받을까 생각중에 있습니다..
대충란걸로 공기업 대기업에서 플젝경험어필할려구요
플젝 기술스택은
springboot cloud jpa querydsl security oauth maven
redis rabbitmq
cicd sonarcube githubaction docker
elasticsearch
db mysql
막 이런거 잡다한거 다섞은 플젝이고 구매자사이드(판매자는안함)쇼핑몰구현하는건데
일단 문제가 기술에대한 이해도가 좀많이떨어지거든요? 그래서 매주마다 공부하고 기술블로그에 적고 이런 노력들은 하고있어요
깃프로젝트에서 스크럼마스터정해서 매일스크럼 회의 하고있고요
솔직히 재밌긴해요 근데 미래가 너무불안하고 팀원들도 못하고 저도못해서 이걸할수있나 이런생각이들어요 ㅠㅠ 다른팀은 나름잘하는사람 한두명씩꼽았는데 저희팀은 현대쇼프티어 간다고 잘하는사람 나갔고
또 한명도 더나갈꺼같아서 문제에요 ㅠㅠ
아무튼 플젝은 무조건할건데 퀄구린 플젝은 대충하는게 맞겠죠..?
본론으로 ..
개발자를 정말하고싶은데 제가 지금실력에서 개발쪽으로 갈려면 최소 1년은 더공부해야되는데 그러면 취준까지하면 31-32살에 취업할꺼같거든요?
그럴바엔 빨리 기술영업직이나 기획, 전산직같은 비개발로빠져야 할거같아서요 ㅠㅠ
현재 플젝하면서 오픽, 토익, 한국사 준비하고있구요
정처기랑 sqld있고 알고리즘은 아주 기본적인책 하나 봤구요 ㅠㅠ
진짜답이없는상황이긴한데
저는 내년에는 무조건취업을해야해서
이제 결정을 해야할거같아요..
제가 개발을 포기하는게 맞겠죠…?
참고로 부캠에서는 요구사항대로만 플젝하면 포폴은 괜찮다고 해요.. 부캠도 나름 중견회사 이름걸고 하는 부캠이긴해요..
(삭제)
삭제된 댓글입니다.",https://everytime.kr/386037/v/346417486,7,7,2,12,부업+실패 표현 충분
전라도 = 민주당?,"25/01/28 16:13
자신들이랑 생각이 다르면 신천지로 몰아가는 애들이 너무 많아서 못박고 시작하겠음. 내가 불자생활만 10년이 넘고 그런 사람같지도 않은 사이비교주 밑의 광신도 취급받는게 기분나빠서 참다참다 적는다.
자꾸 논리없이 신천지신천지거리는데 정작 세뇌된 광신도 집단은 극렬한 전라도 민주당 지지자들이 아닌가 싶더라. 나도 전교조 선생들 밑에서 좌파식 교육을 받았고 집안에도 정치색이 짙은데 지지하는 이유가 뭔지 들어보면 '전라도는 당연히 민주당이지' 이런식이더라 친구도 실제로 한말임 ㅇㅇ
난 어느 지역에서 특정 정당을 무지성으로 지지하는것에 대한 큰 회의를 가지고 있음. 그건 TK도 마찬가지고. 정치인들이 잡아놓은 물고기마냥 무조건 표 주는 짓은 가장 미련하고 우매한 짓임.
정치인들이 가장 두려워하는게 '중도'다. 언제든 표심이 바뀔 수 있는 투표권자와 지역. 자신들을 언제든지 끌어내릴수 있는 투표의 힘.
그런데 과연 전라도와 광주는 민주당 텃밭으로 얼마나 대단한 발전을 했냐에 대해서는 의심을 한번쯤 가져봐야함. 스타필드며 더현대며 신문물이 들어온다고 할때마다 상권 망한다며 거품물고 반대하는 민주당과 시민단체들 그럼 복합쇼핑몰 몇개씩 있는 다른 대도시들은 이미 망하고 없어졌게? 아니, 문화수준이며 경제수준이며 발전하고 잘살고 있다. 광주가 왜 '진보'성향의 정치로 왜 '퇴보'하고 있는지 생각해볼 필요가 있다.
난 보수성향이지만 국익이 우선시되고 자유민주주의 테두리안에서의 진보, 노무현 정신같은 진보는 참 좋아하고 존경하는데 과연 지금의 민주당은 그게 아니라 진보로 위장한 친중종북 세력들에 장악당했다고 밖에 안보인다.
12.3 비상계엄 자체를 옹호하는것은 아니지만 윤대통령이 말했던 것처럼 반국가세력을 척결하기 위함과 부정선거를 조사하기 위한 유일한 방법이였다고 한다면 국가 비상사태때 군을 동원할 수 있는 대통령의 권한인 계엄령의 정당성이 충분히 부여된다고 생각한다.
왜 탄핵찬성 시위에는 중국어 깃발들과 온갖 노동조합 연맹 등의 깃발이 나부끼는가, 북한지령을 받아 간첩행위를 한 민노총 간부들이 윤석열 대통령의 퇴진을 요구하는가. 교내에도 윤정권 퇴진, 미군철수 외치는 단체있던데 판단은 여러분들의 몫입니다. 누가 진정 국정을 혼란스럽게 하고, 국민이 선출한 대통령을 당선과 동시에 탄핵 노래를 부르며 줄탄핵으로 행정부의 기능을 마비시키는가, 탄핵으로 이득을 보는 내란 세력은 어디인가 객관적 판단이 필요하다. 신천지거리는 애들이 사실은 누구보다 세뇌되어있는것은 아닐까?
투표에 있어서만큼은 조금의 의혹도 있어서는 안되는데 선관위는 왜 논란 투성이인가. 반박이 하고싶다면 한번쯤 부정선거 의혹에 관한 영상들을 찾아보고 오는걸 추천. 그 어느 단체보다 투명하고 공개적이여야하는 선거관리위원회에 부정채용은 웬말이며 해명이라고 내놓는 영상들 보면 형상기억종이, 가짜뉴스무새고 서버공개, 감사는 절대 못받는게 말이나 되나. 부정선거야 말로 5.18 민주화 운동을 폄훼하고 퇴색시키는 것이며 앞서 말한 투표의 힘을 얻기위해서 군사정권에 맞서 5.18 '민주화'운동으로 우리의 손으로 직접 지도자를 뽑는 민주주의를 훼손시키는 일 아니겠는가.
현 대한민국의 주소는 '자유'민주주의 테두리 안의 좌파와 우파, 진보와 보수의 대립이 아닙니다. 진보로 위장한 친중종북 세력들과의 싸움입니다. 보이지않는 이념의 제2의 6.25전쟁이고, 본인들과 생각이 다르면 집단으로 린치하는 우덜식 '인민'민주주의 전체주의로 본인들의 생각과 이념을 자유롭게 말하고 표현할 수 있는 '자유' 민주주의가 아닙니다.
국가가 위기일때 전남대학교의 선배들이 미래에 어떤 국가를 꿈꾸고 어떤 민주주의를 위해 투쟁하였는지 전남대 학우들께서 깊게 고민하고 생각해볼 시점이 아닌가하여 두서없이 개탄스러운 마음과 함께 작성합니다. 긴글 읽어주셔서 대단히 감사합니다.
(삭제)
삭제된 댓글입니다.",https://everytime.kr/375208/v/366873140,3,7,0,10,부업+실패 표현 충분
🍁가을 스커트🍁 쇼핑몰 리뷰 확인 가능!,"23/09/29 22:50
✔️ 모든 상품은 지그재그, 에이블리에서 실측과 리뷰 확인 가능합니다
✔️네고 가능, 동시 구매 시 할인
✔️ 구매 후 한 번도 입지 않은 상품들입니다
1. 컬러위드클로젯 블랙 롱스커트, S (15000원)
판매가 32800원, 리뷰 2707개
2. 가내스라 아이보리 롱스커트, S (15000원)
판매가 38000원, 리뷰 62개
* 현재 판매중지 상품으로 원하시면 리뷰 캡쳐해드리겠습니다
실측",https://everytime.kr/377489/v/317810177,4,5,0,9,부업+실패 표현 충분
,"19/07/13 23:49
다들 때로는 힘들고 죽고싶을 때가 있을거야. 나도 그래.
우리집은 구세대와 현세대의 가치관이 섞인 탓인지 장남인 나에게 거는 기대가 크거든. 가부장적인 집안은 아닌데, 뒤로는 남동생 하나에, 나이차나는 늦둥이 여동생 하나, 위로는 부모님까지 총 5인 가족이야. 친가에서는 손이 귀해서 내가 장손 취급을 취급할 있고. 외가도 약간 그런 경향이 있어서 은근히 부담을 주고는 해서, 명절같은 날 가족모임을 보낼 때면 주위에서 주는 압박감에 자리를 박차고 나가고 싶은게 한 두 번이 아니야. 친가나 외가나 거의 시골이다보니 은근 옆집 손자들과 비교하시면서 눈치 받는건 일상에. 아래에 있는 남동생은 재수한다면서 고시원에 틀어박혀있어서 부모님 속을 썩히고 있지. 나도 학교를 다니는 중이고, 방학때에는 공사장 알바랑 야간 편돌이 투잡을 뛰면서 부모님 도움 받지않고, 부모님이나 동생들 가끔가다 용돈도 주고 그러고 사는데, 가장 힘든 점은 동생들이 집안 경제사정이 그리 좋은 것도 아닌데 이거해달라 저거해달라 하면서 부모님을 힘들게 하고 있어. 이제 중학교 들어간 여동생은 필기구나 학습용품, 이런저런 것들이 필요하다고 하면서 계속 부모님께 매달리고, 필요하다는걸 사주면 며칠도 안되서 창고에 들어간게 한 두번이 아니야,
2살차이나는 동생은 고시원에서 재수학원가겠다고 매일 부모님께 전화하면서 화내고는 하는데, 문제는 부모님이 두분다 곧 정년이라 피땀흘리면서 일하고 계셔. 동생들 학업이라고 하면 야근도 마다하지않으시고, 그런데 두분다 연세가 있다보니 그것도 얼마 못가잖아..? 그러다보니 두분다 가끔 나를 부르셔서 술집에서 대작하면서 서글프게 신세한탄을 하시고 동생들 도와달라고 하시고는 해.
가끔 술드시다가 술자리에서 평소 보이지도 않던 눈물도 보이고, 건강도 안좋으시다보니 어쩔 수 없는 일인것 같아서 상대해드리고 집에 돌려보내드리는데, 요즘엔 내가 그런거 같아.
부모님 두 분은 그나마 나한테 하소연도 하고 감정을 솎아내시면서 편해지시기는 하는데, 나는 어느 누구한테도 의지하고 기댈 수가 없게 되더라. 우습지 참..?
나도 내가 우스워.
진짜로 울고싶은건 난데, 힘들다고 속에서 울분이 솓구치는데, 막상 부모님이 밝게 웃으시고 재수하겠다고 성깔부리면서도 틱틱대면서 어떻게든 자기가 편돌이 해보면서 생활비는 마련해보겠다고 하는 동생도 그렇고, 가끔가다가 힘들다는거 눈치채고 걱정스레 다가오는 늦둥이 녀석 보면 울고 싶다가도 오늘 하루만 버티자 하면서 지내는 내가 있어.
오늘도 근처 술집에서 혼술하고 있는데, 울고싶지만 눈물을 내는 방법을 모르겠어서. 여기에 신세한탄좀 해봤어. 거슬렸다면 미안해.",https://everytime.kr/375181/v/82155333,3,5,0,8,부업+실패 표현 충분
알바 말안하고 투잡하면 문제 있는거야 혹시??,"20/10/13 02:58
내가 원래 알바하던 음식점 그만두고 편의점 알바중인데 원래 일하던 음식점에서 하루만 대타해주라 해서 하루 대타했는데 사장님이 단기알바 신고해야된다고 주민등록번호 다시 알려주라해서 알려줬는데 그러면서 만약에 다른 알바 구하면 꼭 말해야된다는 거야 안된다고 말 안하고 단기 알바 하면 뭐 문제 생겨???",https://everytime.kr/375208/v/147356707,3,7,0,10,부업+실패 표현 충분
기생충 후기(펌),"(알수없음)
19/05/31 00:49
스포방지스포방지ㄴㄴㄹㄴㄴㄴㄹㄴㄴㄹㄴㄴㄴㄴㄴㄴㄹㄴㄴㄴㄴㄹㄴㄴㄹㄴㄴㄴㄴㄴㄴㄴㄴㄴㄹㄴㄴㄴㄴㄴㄴㄴㄴㄴㄴㄹㄴㄴㄴㄴㄴㄹㄴㄴㄴㄴㄴㄴㄴㄴㄹㄴㄴㄴㄴㄴㄹ ㄴㄹㄴㄴ ㄴㄹㄴㄴㄴㄴㄴㄹ ㄹ ㄹ ㄹㄴㄴㄴㄴㄴㄴㄴㄴ
ㅡㅡㅡㅡㅡㅡㅡㅡㅡ
본 후기 중에 가장 인상깊고 내가 해석한거랑 비슷해서 퍼옴
ㅡㅡ
자본주의를 살아가는 혹은 살아내고 있는 계층 간의 역설과 언더도그마에 대한 영화
누구보다 높은 곳으로의 계층 이동을 갈망하지만 몇 번의 실패를 경험하며 (4수생 기우, 반복된 창업 실패의 가장 기택, 기정의 구직) 녹록지 않은 현실 앞에 기택 가족은 환경탓 사회탓만 하며 별다른 노력은 기울이지 않고 점점 가족이 처한 현실에 적응해 갑니다 (피자 박스 접는 그 쉬운 부업마저 대충대충해서 불량을 만들어내고 휴대폰이 정지돼 윗집의 와이파이를 훔쳐쓰며 살아갑니다.)
우연히 찾아온 기회 앞에 버거운 현실을 정면으로 마주하기 보다는 쉬운 길을 택
한 기택 가족은 여러 가지 불법 행위를 하지만, 그것이 얼마나 잘못된 일인지를 자각하지 못합니다.
그러나 잘 차려 입고 겉으론 배운 척, 있는 척 연기를 해보아도 그들 몸속 깊이 베인 반지하의 퀴퀴한 곰팡내는
숨길 수가 없었죠. 그리고 그 냄새를 본인들은 맡지 못합니다.
이는 물질만능주의가 가져다준 기택 가족의 도덕적해이와 아무리 발버퉁쳐도 벗어날 수 없는 가난의 굴레인 것이죠.
주인집 내외가 자신들에게 보내는 무시와 멸시는 기분 나빠하면서
지하 벙커에 사는 취약 계층에겐 더 가혹하게 핍박을 가합니다.
오줌 누는 행인에게 물을 끼얹고, 생존을 위해 죽을힘을 다해 계단을 오르던 지하벙커 사람을
발로 그냥 냅따 밀어버리죠 (계층 간 사다리를 치워버림)
기득권을 욕하지만 누구보다 기득권이 되고자하는 우리들의 자화상
오히려 지하 벙커에 숨어 사는 아저씨는 (나락으로 떨어져 재기 같은 건 꿈도 못 꾸며 사는 복지 사각지대의 초극빈층 or 정부에서 지급하는 최저 생계비 만으로 연명하고 있는 계층) 1층 박 사장 가족에게 한 없이 고마워하면서 미래에 대한 의지도 계획도 없이 그 비참한 삶에 순응해 안주하려 합니다.
반면 반지하에 사는 기택 가족은 가난을 벗고자 하는 의지와 현실 순응 사이에서 위태로운 물타기를 하고 있다가 우연히 찾아온 기회앞에 1층집의 부가 원래는 자신들 것인 양 호시탐탐 욕심을 내다 선을 넘고 말죠.
주인집 가족이 캠핑 갔을 때 주인집을 차지한 기택 가족이 즐기던 고급 양주와 고기 안주들,
지하벙커 아저씨가 생존을 위해 허겁지겁 먹어 치우는 우유와 바나나의 대비가 ㄷㄷㄷ했네요
그 둘 모두 주인집 냉장고에서 꺼낸 것들이죠.
영화 초반에 돈이 들어오는 좋은 돌이라며 박서준이 선물로 가져다준 수석..
그 수석은 부를 의미하고.. 물에 뜨는 가짜 돌이었고 기우는 끝가지 그 돌을 놓지 못해요.
그 돌로 사람을 죽이려고까지 하죠
기우가 집착하던 돌(부)은 되려 자신을 다치게 하는 부메랑이 되어 돌아오고
계층 이동에 실패하면서 자신의 가족이 지하 벙커로 떨어집니다.
그럼에도 불구하고 가장 밑바닥(지하벙커) 까지 떨어진 아버지를 구출하기 위해 기우가 내린 결론(계획)은
""돈""이라는 아이러니 ㅜㅜ 계획은 늘 실패하기 마련이라는 아버지의 충고에도불구하고 부를 향한 계급투쟁 말고는 방법이 없다는 걸 아는 기우는 곧 자본주의를 살아내는 우리들의 한계.
벙커 안 아저씨가 끊임 없이 땅위로 보내던 모스부호는
어쩌면 우리가 살피지 못하고 있는 사회 곳곳에서 보내는 구조 신호가 아닐까 생각했고
잠시 잠깐이지만 벙커에 남은 사람을 걱정하는 기택 가족의 마음은 가혹한 현실에 감춰져 있던 우리들의
양심이 아니었나 생각되어 졌어요
가난으로인해 스스로 벙커에 갇히길 택했고 , 어느새 자신의 존재 이유 마저 망각해버렸지만
그런 극한의 상황속에서도 남아 있는 인간 존엄의 몸(칼)부림은 매우 무겁게 다가왔어요
그 난리 중에도 기우를 업고 뛰던 다혜와
박사장을 향한 기택의 칼날이 주는 의미에 많은 걸 돌아 보게 된 거 같습니다
다솜이가 기택과 기택 아내에게서 같은 냄새가 난다고 말하기 전까지
기택 가족은 자신들의 몸에서 냄새가 나는 걸 모르죠 ( 자신들의 현실을 부정함)
그 후로 박 사장이 기택 몸에서 냄새가 난다고 말하는 걸 직접 듣는 순간까지
기택은 자신의 몸에서 나는 냄새에 계속 신경이 쓰입니다.
아무리 방버둥 쳐도 벗어나기 힘든 자신의 현실을 조금씩 알아(인정해) 가는 거죠.
박 사장이 벙커아저씨 몸에서 나는 냄새 때문에 코를 막는 걸 눈 앞에서 지켜본 기택은
자기 자신도 기생충과 다를 게 없는 존재라는는 걸 온몸으로 확인하게 됩니다
박 사장 이선균을 향한 칼날은 얼핏 보면 상류층을 향한 서민의 분노 같지만...
어쩌면 완전히 발가벗겨진 기택 자신의 열등감에 대한 부끄러움은 아니었을지...생각하게 되네요
그리고
마지막까지 기택은 책임을 다른 곳으로 돌린 거 같아요.
박 사장 포스터를 보며 혼잣말로 읖조린 사과는 뉘우침의 뉘앙스가 아니었어요.
안타깝지만 나도 어쩔 수 없었다는 책임회피 였을뿐.
돈 있으면 사람은 다 착할 수 있다고 자기들 사기행각을 정당화 하던 기택 마누라 대사와 일맥상통
(알수없음)",https://everytime.kr/375208/v/77600292,3,9,2,10,부업+실패 표현 충분
초등학교 화상 알바 사람 구합니다,"24/08/07 18:43
화상 알바 사람구해요
위치 : 광주역
(주1회 출근,근무 한달은 방문 필요 그 후 재택)
과목 : 논술,수학(논술 위주)
대상 : 유치- 초등5
수준 : 매우쉬움, 준비할 거 없음!
근무 요일 : 월,수,목 6-9(조정가능)
시급 : 11000원
근무 환경 : 왕 큰 강아지, 종종 간식주심, 자유로운 수업,애들 귀여움...ㅜㅜ
근무 시작 기간 : 8월 12일 월요일
면접 8월 8일 목요일 오후 5시 이후
최소 근무 기간 6개월
쪽지로 연락주세요!! 하시겠다는 분이 인턴을 하시게 되어 다시 구해요ㅜㅜ
쪽지 주실 때
나이,성별,학과,관련 경험(알바,봉사)
면접 날짜 및 근무 가능 날짜도
함께 알려주시면 감사하겠습니다!
면접 날짜와 근무 가능 날짜는 변경 가능입니다",https://everytime.kr/375182/v/350635901,3,7,1,9,부업+실패 표현 충분
잠옷 새상품,"25/06/01 21:18
진짜 마진 없이 팔아요!!
쇼핑몰 폐업했습니다
15,000원에 팔아요 동대문 원가보다 싸요
머리끈 세트 브라캡내장 있습니다
수량 10개있어요 !!",https://everytime.kr/377489/v/381549357,3,5,0,8,부업+실패 표현 충분
🍁가을니트🍁 쇼핑몰 리뷰 확인 가능!,"23/09/29 22:41
✔️ 모든 상품은 지그재그, 에이블리에서 실측과 리뷰 확인 가능합니다
✔️네고 가능, 여러벌 구매 시 할인
✔️ 구매자 선착순으로 셔츠 무료 나눔
✔️ 직접 찍은 사진 색감이 정확하지 않는 점 양해 부탁드려요
1. 체리코코 배색니트(12000원)
판매가 24000원, 리뷰 447개
2. 쇼퍼랜드 아가일니트가디건(7000원)
판매가 17000원, 리뷰 136개
해당 사진 속 색감과 유사합니다
3. 언더비 골지니트(15000원)
판매가 27000원, 리뷰 3353개
* 한 번도 안 입은 상품입니다
4. 모코블링 랩니트(10000원)
판매가 25600원, 리뷰 52개
✔️ 선착순 무료 증정용 셔츠(연보라)
✔️ 선착순 무료 증정용 셔츠(하늘)",https://everytime.kr/377489/v/317809358,4,5,0,9,부업+실패 표현 충분
누구는 에타에서 책값 사기치고,"25/09/10 20:13
누구는 학교다니면서 쇼핑몰 해서 대박나고
같은 전대생인데 스펙트럼 ㅈㄴ넓네",https://everytime.kr/375208/v/389608761,3,4,0,7,부업+실패 표현 충분
광주는 광주시내에 지하철을 추진하기 보다는,"25/12/19 18:16
여수, 나주, 함평과 같이 주변 도시로의 열차를 지하철 이용가격(1800원) 정도로 제공해서
성장을 이뤄내야한다.
일단 광주시의 가장 큰 고질적인 문제는 관광산업이 전혀 발전하지 못 했다는 것이다.
여러 쇼핑몰 들어와 관광 성장이라지만 이게 전남도민이 올 정도지 서울에서 내려올 정도가 되는가?
대전은 상대적으로 가까운 광역시, 성심당이라는 프랜차이즈
부산은 애초부터 강력한 대한민국 1호 관광 최고봉
그러나 광주는 관광사업을 키울 능력과 퍼텐셜도 없는게 현실이다.
그러나 여수, 담양와 함평과 같은 전남의 시는 꽤 적당한 관광객을 유치시킬 가능성이크다.
함평은 바다를 접해 해수욕장,
담양은 수많은 관광지들,
여수는 부산 다음가는 관광도시로 유명하다.
그렇기에 광주시는 서울에서 전남으로의 여러 관광시설의 터미널이 되어 부족한 관광산업의 배경으로 일어서야한다.
광주 자체로서 관광산업을 키우기는 너무나 과한 망상인 것이다!
또한 광주에서 전남도로 가는 길이 열리면 거꾸로 전남도에서 광주로 오는 길도 되는 법.
광주는 앞으로 들어올 대현대, 신세계, 어등산 스타필드를 중심으로 전라도 최고의 소비 센터로 성장, 뒤로 당연히 따라올 충장로와 전대상권의 성장으로 단언컨데 서남부 최대 도시로 성장할 수 있을 것이다.",https://everytime.kr/375208/v/396550376,3,9,0,12,부업+실패 표현 충분
닭가슴살 마트에서 사먹는거랑 택배랑,"24/03/17 14:47
가격차이 많이 남?
닭가슴살 한번씩 챙겨먹을려고
더건강한닭가슴살 2400원에 마트에서 샀는데
쇼핑몰이랑 별 차이 없는데",https://everytime.kr/375208/v/336144366,3,5,0,8,부업+실패 표현 충분
님들,"25/01/16 13:17
민주당이 광주에 해준게 뭐가 있음?
여행 가기 편하라고 무안공항 지어줬다고?
그것도 매년 적자에 지들끼리 공항 건설비 빼먹었잖아.
결국 정치는 경제, 민생과 직결되는데 그 역할을 반대로 하는 민주당을 무지성으로 지지할 이유가 뭐가 있음?
지하철 2호선 매년 연기하지
전통시장 죽는다고 쇼핑몰 들어오는 거 막지
이게 장기적으로 봤을때 광주 시민들을 위한거야?
그럼 5.18 덕에 광주가 덕을 봤다고? 천만에.
광주 지역구 의원들은 그걸 맨날 정치적으로 써먹고 묻고 떠블로 모든 참사들이랑 엮어서 감성팔이하잖아.
40 50대는 감성에 젖어있을 시기고 직접 겪은 시기여서 걍 계몽할 의지조차 없는게 현실인데 그래도 세대가 다른 대학생이라면 최소한 무엇이 정당한지, 무엇이 더 합리적인지는 따져봐야 하는 거 아니야? 뭐 이념이 그쪽이고 그게 맞다고 생각한다면 할말은 없겠다만..난 대한민국 국민으로서, 그리고 광주 시민으로서 자유를 지키는게 최우선이라 본다. 이게 나도 오바 떠는 거라고 생각했는데 지금 사법부를 보면 그리고 이와 엮여있는 공기관들의 행태를 보면 자유를 누리지 못할 날이 머지 않을거 같다. 지금이야 유튜브 보고 인스타하고 실감이 안날 수도 있지만, 해외 사는 홍콩 시민들의 인터뷰만 봐도 충분히 느낄 수 있을거라 생각한다.
다들 부정선거든 공수처 체포영장이든 뭔 음모론이야 ㅅㅂ 이라고 치부할 게 아니라, 한번 양당의 입장과 의견을 들어보고 각자 판단해보자.
전남대 에타에 이런 반대되는 글 올려 미안.
하지만 난 이번글이 두번째고 분탕할 생각은 전혀 없어
그냥 전남대 학우로써...
특히 광주 학생들이 양면적인 생각을 가졌으면 해
반박시에는....너 말이 맞는데...선택에 대한 책임, 그리고 미래 상황에 대한 이입도 해보길 바라
(삭제)
삭제된 댓글입니다.",https://everytime.kr/375208/v/365944755,3,7,1,9,부업+실패 표현 충분
비키니 판매,"25/07/05 11:05
저는 쇼핑몰에서 49000원에 구매했구요! 정말 만족스러웠어요☺️핏도 너무 예쁘고 사진도 잘 나왔어요!! 몸매 보완을 아주 잘해주는 아이입니당!!! 사진 찍기 위해 한 번 잠깐 착용했습니다.
이상한 문의는 사절이구요!(바로 차단 예정)😡 구매하실 분만 쪽지 또는 댓글 남겨주세요~
25000(네고 가능)",https://everytime.kr/377489/v/384664953,4,5,0,9,부업+실패 표현 충분
보이저첨단 플리마켓 반려견인식표/목걸이 예약받아요♻️💖,"24/03/19 10:12
저는 업사이클링 브랜드를 운영하고 있는 전남대학교 학생입니다😀
3월 30일부터 31일까지 보이저첨단에서 열리는 플리마켓에 참여하게 되었고, 판매할 반려견인식표/목걸이를 미리 예약받으려고 합니다!
버려지는 플라스틱 병뚜껑을 재활용하여 만든 반려견인식표입니다♻️
수익금의 일부는 유기견보호센터에 기부하도록 하겠습니다🤝
선주문 후 플리마켓 당일에 찾아가시면 됩니다!
시간이 어려우시다면 3000원 추가 후 택배도 가능합니다~!
반려견에게 특별하고 의미있는 선물을 해보시는거 어떠실까요💖
🌈24일까지 500원씩 할인이벤트합니다!
☑️가격 : 인식표(6000₩), 목걸이(7000₩)
☑️색상 : 블루/핑크/옐로우
<주문양식>
주문자성함 / 휴대폰번호 / 반려견이름 / 색상 / 인식표 or 목걸이 (목걸이는 목둘레도 측정부탁드려요)
✔️궁금한 점이나, 주문은 ‘쪽지’주세요!
🔘플리마켓
-날짜 : 3월 30일/31일 (pm 1:00-8:00)
-장소 : 보이저첨단 (롯데마트 옆)
스마트톡, 키링 등 다양한 업사이클링 제품이 준비되어 있으니 오셔서 구경하세요😊
플링 인스타그램 : upcycling_pling
스마트스토어 : https://m.smartstore.naver.com/pling?fbclid=PAAaZ2htxRjxhRPCpq8dDWCanF6GHKfeTmk76gdY72xjl9I2ppG8BJVfwqdh8_aem_ARGw61-OlAs6-htmmjEuH0pQDV35VTCjiupZBtFoXT8cI3TVuQ1W2UXNPVTzNqdgGhi5jxXjcswbdtmtPjm_xk4v",https://everytime.kr/375182/v/336376585,6,5,3,8,부업+실패 표현 충분
내가 개꿀 부업 알려줌 너네만 알고있으셈,"21/07/14 18:05
메이플 켜서 리부트 섭에서 사기캐 하나 만든다
스데미 스펙까지 맞춰서 키운다
스데미 까지 보스팔이 하면 월 4만원 정도 개꿀 부업 수입 가능
한번 키워 놓으면 계속 적금임 ㅋㅋ
(알수없음)",https://everytime.kr/375208/v/199785046,3,5,1,7,부업+실패 표현 충분
용봉동 나들가게파머스마켓에서 남자 아르바이트생을 구합니다,"21/11/08 19:55
안녕하세요! 용봉동 나들가게파머스마켓에서 남자 아르바이트생을 구합니다.
1. 업무는 매장 물건 채우기, 청소, 계산입니다.
2. 임금은 최저임금 8720원입니다.
3. 주말(토, 일)에 일하고, 18~22 4시간씩 일주일에 총 8시간 일합니다.
일이 정말 쉽고, 매장이 작아서 일이 많지 않습니다.
물건 채우고 청소를 하고 나면, 편하게 앉아 있다가 손님이 올 때만 일어나서 계산하면 됩니다. 근무 시간도 적어서 대학 생활과 병행하거나 투잡으로 하기 좋습니다.
010-5158-1814로 많은 지원 부탁드립니다~",https://everytime.kr/375182/v/217478733,3,5,0,8,부업+실패 표현 충분
하하핳핳하ㅏㅎ ㅈ 같네 하하핳하,"23/05/20 16:05
아빠란 놈이 1억 가량 빚져서 있는 돈 다 털어서 나랑 어머니가 막아줬더니 또 7천만원 빚지고 왔네 사업하다가 그런거면 몰라 금융위기 때 억단위 손실보고 더이상 주식 안한다는 사람이 대부업체 수준인 20퍼 짜리 대출 받아서 미수 쓰고 별 ㅈㄹ 다 해서 돈 다 잃었다네 저게 짐승이지 사람이야?
(삭제)
삭제된 댓글입니다.",https://everytime.kr/375181/v/303523745,3,7,0,10,부업+실패 표현 충분
그래서 기숙사 의무식 언제 폐지함??,"(알수없음)
23/04/04 20:50
원래 2017년도인가 18년도까지는
그때당시 깨어있는 학우분들이 반발해서
공정위까지 끌고가서 시정하게 만들어서
선택식 할 수 있었는데
어느순간부터 적자 운운하고 코로나 핑계대면서
은근슬쩍 다시 끼워팔기 하던데
당장 기숙사 앞 상가들이나 그리 멀지않은 상대만 가도
물가가싸서
지금 한끼 학식 기준인 4500원 선에서
백반이나 볶음밥, 제육, 국밥 등
선택지 꽤나 많고 맛있는곳들도 있는데
언제까지 비닐나오고 날벌레 둥둥 떠다니는
학식 의무로 먹어야 하나요
심지어 BTL 식당은 외부업체에서 경영하는걸로 아는데
경쟁에서 밀리면 망하는게 당연한거고
이제 코로나 마스크도 풀렸는데
다시 의무식 폐지 하겠죠?",https://everytime.kr/375208/v/297056141,3,11,0,14,부업+실패 표현 충분
🎄🎄🎄도요새 잉글리시 강사 모집합니다🎄🎄🎄,"21/12/27 08:54
영어 선생님 모집합니다 :)
영어 선생님이라고 생각하시면 조금 부담스러울 수 있지만 유아5세부터 초등학교 6학년까지 기본적인 수준의 영어를 화상수업으로 진행하는 방식이기에 전혀 어려운일은 없습니다 !
재택 근무도 가능하고
주 3일 또는 그 이상도 원하는 요일, 시간도 맞춰 근무하실 수 있습니다.
시급도 13000원 이상으로 많이 높은 편이니
모집요강 천천히 읽어보시고 많은 지원 바랍니다 🙂",https://everytime.kr/375182/v/224197148,3,5,0,8,부업+실패 표현 충분
우리나라 피를 빨아먹는 일본대부업체 현황,"(알수없음)
20/01/19 00:23
박근혜 정부때부터 시작해서 대부업체 법적 한도 금리 50%에서 현재 20%까지 단계별로 낮춰버림
산와머니부터 러쉬앤캐쉬까지 대부업체 1,2위가 일본 자본이었는데 더이상 한국에서 수익창출이 안되자 향후 21년까지 한국시장을 철수한다고 함
일본 자본도 한국에서 빠져나가기 시작함
이제 완벽하게 독립하기 시작하는 듯
(알수없음)",https://everytime.kr/375208/v/99963761,4,7,0,11,부업+실패 표현 충분
화상수업 월수금 영어 아르바이트 (재택),"(알수없음)
21/09/12 22:55
초등학생이랑 중학생저학년이라서 진짜 쉬워요 갑자기 서울올라가서 공부하는바람에 꿀알바 넘깁니다 ㅠㅠ
1. 업체명 : C.S교육원
2. 업무 내용 : C.S교육원 홈페이지에서 화상창 띄우셔서 수업 하시는거에요 .
3. 근무 시간 : 월수 오후 5시~7시10분 초중등 영어 7시 20분~8시 50분 고등영어 (시간 조정가능)
4. 자격 : 대학생.휴학생.졸업생 (만21세 이상 수업경력자 우대)
5. 임금 : 초 중등 영어 시급10.000원~ (단계별 시급 인상) 고등영어 시급 12000~
화상수업 하는방법 배우신후 저희 학원에서 수업하기 아니면 집에서 재택으로 수업하기 선택.
편하고 재미있게 학원이나 집에서 수업하실 선생님 구해요.
장기알바 하시기엔 굉장히 편하고 안정적인 꿀알바입니다.
수업 경험 있으시다면 화상수업 경험없어도 많이 지원해주세요.
-참고사항 : 가능하면 최소6개월이상 근무하실분 우선채용합니다.
이력서 (지원분야기재) 또는 본인 간단한프로필 이멜접수후 문자주세요.
담 당 자 : 010-9943-9184 프로필 (24시 문자접수)
E-mail : mbccampus@naver.com (이력서 이멜접수후 문자)
교 육 원 : 광주광역시 북구 서암대로 170 용봉빌딩3층
(알수없음)",https://everytime.kr/375182/v/208969372,3,5,1,7,부업+실패 표현 충분
상태 좋은 여자 옷 싸게팝니다,"24/05/13 21:24
기숙사 9동 주변에서 거래 선호합니다
편하게 쪽지 주세요!!
1. 블랙업 볼레로 아이보리
8000원
2~3회 정도 착용
2. 그레이 긴팔 크롭티
5000원
실착만 했습니다
3.물결 워머 볼레로 블랙
5000원
2~3회 착용
4. 블랙 크롭 가디건
5000원
1회 착용
(쇼핑몰 사진 처럼 스카이블루도 있는데 그건 단추가 하나 떨어져서... 원한다면 같이 드립니다)
5. 멜란지 그레이 가디건
8000원
1회 착용
보세에서 2만원대에 구입
6. 그레이 크롭 긴팔 가디건
5000원
5회 정도 착용, 상태는 좋습니다
7. 블루 크롭 니트
5000원
1회 착용
8. y2k 크롭티
10000원
2회 착용
9. 블랙 끈나시
8000원
1회 착용
10. 후크 가디건 차콜(상의만)
5000원
실착만 했습니다",https://everytime.kr/377489/v/342704592,3,5,0,8,부업+실패 표현 충분
초중등 화상영어 수업 월수 6시~8시 50분,"(알수없음)
21/09/24 10:38
초등학생이랑 중학생저학년이라서 진짜 쉬워요 갑자기 서울올라가서 공부하는바람에 꿀알바 넘깁니다 ㅠㅠ
급한데 사람이 구해지지 않아서 다시 올립니다 ㅠ
1. 업체명 : C.S교육원
2. 업무 내용 : C.S교육원 홈페이지에서 화상창 띄우셔서 수업 하시는거에요 .
3. 근무 시간 : 월수 오후 6시~8시50분 초중등 영어 (시간조정 가능)
4. 자격 : 대학생.휴학생.졸업생 (만21세 이상 수업경력자 우대)
5. 임금 : 초 중등 영어 시급10.000원~ (단계별 시급 인상) 고등영어 시급 12000~
화상수업 하는방법 배우신후 저희 학원에서 수업하기 아니면 집에서 재택으로 수업하기 선택.
편하고 재미있게 학원이나 집에서 수업하실 선생님 구해요.
장기알바 하시기엔 굉장히 편하고 안정적인 꿀알바입니다.
수업 경험 있으시다면 화상수업 경험없어도 많이 지원해주세요.
-참고사항 : 가능하면 최소6개월이상 근무하실분 우선채용합니다.
이력서 (지원분야기재) 또는 본인 간단한프로필 이멜접수후 문자주세요.
담 당 자 : 010-9943-9184 프로필 (24시 문자접수)
E-mail : mbccampus@naver.com (이력서 이멜접수후 문자)
교 육 원 : 광주광역시 북구 서암대로 170 용봉빌딩3층",https://everytime.kr/375182/v/210470981,3,5,1,7,부업+실패 표현 충분
넘 불안합니다,"25/05/01 01:05
전공이 적성에 안맞아서 취준 포기하고 중소기업 들어왔는데
일 자체가 힘들고 그런건 아니지만
종종 올라오는 대기업 연봉 이런거 보고 있으면
마치 인생 실패한것 같아요
지금이라도 공기업정도 취업 다시해야 하나 싶기도 하고요
설령 2-3년 취준하는거 버틸 정신력이 있을지도 모르겠구
막상 기업 들어간다 한들 내가 만족하고 살지도 모르겠어요.
투잡쓰리잡 하면서 아등바등 열심히 사는게 좋은건지
기대치를 낮추고 편안하게 사는게 맞는건지
매번 이런 고민만 잔뜩입니다
(삭제)
삭제된 댓글입니다.",https://everytime.kr/386037/v/378771116,3,7,0,10,부업+실패 표현 충분
화상영어 수업 아르바이트구합니다,"(알수없음)
21/09/29 21:19
초등학생이랑 중학생저학년이라서 진짜 쉬워요 갑자기 서울올라가서 공부하는바람에 꿀알바 넘깁니다 ㅠㅠ
급한데 사람이 구해지지 않아서 다시 올립니다 ㅠ
지원해주세요 제발 ㅠㅠ
1. 업체명 : C.S교육원
2. 업무 내용 : C.S교육원 홈페이지에서 화상창 띄우셔서 수업 하시는거에요 .
3. 근무 시간 : 월수 오후 6시~8시50분 초중등 영어 (시간조정 가능)
4. 자격 : 대학생.휴학생.졸업생 (만21세 이상 수업경력자 우대)
5. 임금 : 초 중등 영어 시급10.000원~ (단계별 시급 인상) 고등영어 시급 12000~
화상수업 하는방법 배우신후 저희 학원에서 수업하기 아니면 집에서 재택으로 수업하기 선택.
편하고 재미있게 학원이나 집에서 수업하실 선생님 구해요.
장기알바 하시기엔 굉장히 편하고 안정적인 꿀알바입니다.
수업 경험 있으시다면 화상수업 경험없어도 많이 지원해주세요.
-참고사항 : 가능하면 최소6개월이상 근무하실분 우선채용합니다.
이력서 (지원분야기재) 또는 본인 간단한프로필 이멜접수후 문자주세요.
담 당 자 : 010-9943-9184 프로필 (24시 문자접수)
E-mail : mbccampus@naver.com (이력서 이멜접수후 문자)
교 육 원 : 광주광역시 북구 서암대로 170 용봉빌딩3층",https://everytime.kr/375182/v/211285892,3,5,1,7,부업+실패 표현 충분
🌟영어학원 선생님 구합니다🌟,"22/06/20 18:16
영어 학원 선생님 구합니다!
1. 시간: 월 수 목 6:00~9:45
2. 시급: 10000원
3. 위치: 신안동(광주역 근처- 스포츠센터에서 버스 타고 15분)
4. 지원 자격: 초등 중등 영어 가르칠 수 있으신 분
5. 기타
-인터넷 실시간으로 (줌 같은 프로그램 있음) 하는 일이라 아이들, 학부모님과 직접 부딪힐 일 없어요
- 3개월 이상 학원에서 일하면 재택 근무도 가능합니다
-6개월 이상 근무해주세요
- 간식도 제공해주시고 원장 선생님도 친절하세요
6. 문의는 010-2702-3237로 해주세요!_!",https://everytime.kr/375182/v/257242512,3,5,0,8,부업+실패 표현 충분
주요 의혹 및 해명 정리,"20/12/07 22:30
1. 12. 05 동영상 있냐? : 있음 회의 후 올림
2. 엑셀파일 있냐? : 06일은 있음 근데 05일은 개인정보문제로 삭제
3. 인스타 시드번호 불일치 : 서버딜레이 때문임? 내가 봤을땐 정확히 쳤음.
4. 중간에 지워진건 뭐임 : 그건 넘버락 잘못누름
5. 12시 이전에 왜 코드 돌림? : 내 노트북에서 중운위 노트북으로 옮기고 시험삼아 한번 돌림.
6. 왜 외부업체 안씀? : 9000명 마스킹 후 1000명 이상 산출해내는 프로그램이 없었다?고함
7. 셋 시드 왜함 : 나중에 마스킹한거 걷어내고 당첨자 확인하기 위해(이거 맞음?)
8. 왜케 늦음? : 당첨자 신원확보 후 개인정보 열람 동의받는중이었음.
9. 12.05일날 업체 때문에 늦어진건 뭐임? : 업체의 물량확보과정에서 문제있어서 늦어짐
10. 왜 12.05에서 12.06으로 추첨바꿈? : 발표 늦어지니까 난리나서 12.06라이브 추첨으로 바꿈
11. 커피쿠폰은 왜 발송? : 예약한거 취소못함.
더 있거나 틀린내용 알려주쇼",https://everytime.kr/375208/v/155841883,3,5,0,8,부업+실패 표현 충분
월수 6시_8시 50분 화상수업 아르바이트 구합니다,"(알수없음)
21/10/04 15:57
초등학생이랑 중학생저학년이라서 진짜 쉬워요 갑자기 서울올라가서 공부하는바람에 꿀알바 넘깁니다 ㅠㅠ
급한데 사람이 구해지지 않아서 다시 올립니다 ㅠ
지원해주세요 제발 ㅠㅠ
1. 업체명 : C.S교육원
2. 업무 내용 : C.S교육원 홈페이지에서 화상창 띄우셔서 수업 하시는거에요 .
3. 근무 시간 : 월수 오후 6시~8시50분 초중등 영어 (시간조정 가능)
4. 자격 : 대학생.휴학생.졸업생 (만21세 이상 수업경력자 우대)
5. 임금 : 초 중등 영어 시급10.000원~ (단계별 시급 인상) 고등영어 시급 12000~
화상수업 하는방법 배우신후 저희 학원에서 수업하기 아니면 집에서 재택으로 수업하기 선택.
편하고 재미있게 학원이나 집에서 수업하실 선생님 구해요.
장기알바 하시기엔 굉장히 편하고 안정적인 꿀알바입니다.
수업 경험 있으시다면 화상수업 경험없어도 많이 지원해주세요.
-참고사항 : 가능하면 최소6개월이상 근무하실분 우선채용합니다.
이력서 (지원분야기재) 또는 본인 간단한프로필 이멜접수후 문자주세요.
담 당 자 : 010-9943-9184 프로필 (24시 문자접수)
E-mail : mbccampus@naver.com (이력서 이멜접수후 문자)
교 육 원 : 광주광역시 북구 서암대로 170 용봉빌딩3층
수수료 없고 태블릿 재택수업하실때 필요하신거 다 빌려드립니다
수업경험없으시면 다 탈락시키는것 같아요 ㅠㅠ 수업경험있으신분만 지원해주세요",https://everytime.kr/375182/v/211931097,3,5,1,7,부업+실패 표현 충분
아빠 재택근무 도와주는데 속터질거 같아,"(알수없음)
20/03/25 11:33
깔라는 프로그램은 많고
공인인증서로 두세번씩 로그인해야되고
호환 안된다고 로딩 안되는 경우가 부지기수임 ㅋㅋㅋ
결국 업무 포기하고 메신저만 켜놓으심",https://everytime.kr/375208/v/112165765,3,7,1,9,부업+실패 표현 충분
[디자이너 채용 공고] [정규직] 동물복지 전문 커머스 플랫폼 애니웨이 콘텐츠 디자이너 모집,"22/07/01 14:28
안녕하세요. 전남대학교 창업팀에서 출발한 동물복지 축산 전문 브랜드 애니웨이 (ANIWAY) 입니다.
애니웨이는 동물의 행복한 삶과 건강한 먹거리의 공존 이라는 미션을 이루기 위해 현재 국가에서 인증받은 동물복지 축산물과 이를 이용한 가공식품을 판매하고 있는 이커머스 플랫폼 입니다.
저희는 2021년 창업해 현재까지
총 약 7000만원의 매출, 누적 약 1억 3000여 만원을 조달 했습니다. 또한 매분기 약 70%라는 높은 성장률을 기반으로 성장하고 있으며 그 과정에서 ‘달걀을 이용한 국내 최대 크라우드 펀딩 모금액 달성’ 등 다양한 성과를 기록 하였습니다.
올해는 청년창업사관학교에 입교 후 더욱 다양한 상품군을 런칭해 시장 내 파이를 키울 계획이며, 향후 동물복지를 활용한 다양한 비즈니스 모델로 커져가는 동물복지 축산 시장의 중심이 되고자 합니다.
저희는 현재 성장의 과정에 핵심이 될 수 있는 디자인 업무를 같이 진행 해주실 디자이너 분을 찾고 있으며, 학력 및 경력은 무관합니다.
관심 있으신 분들은 아래 내용 확인 하신 후 이메일 혹은 전화번호로 연락 주시면 감사하겠습니다.
애니웨이와 같이 성장 하실 분을 찾습니다.
*첨부사진은 크라우드 펀딩 참여 페이지 및 제작중인 홈페이지 입니다.
[채용공고]
<모집분야>
콘텐츠 디자이너 1명
<담당 업무>
1. 상세페이지 디자인
-> 상세페이지 콘티 기반 상세페이지 작업
2. 제품 디자인
-> 계란 상자 디자인, 개발제품 패키지 디자인 스케치
3. 배너 디자인
-> 이벤트, 공지 등 상황에 맞는 웹페이지 배너 등 컨텐츠 디자인
4. 카드뉴스 제작
-> 이벤트, 공지, 신제품 런칭 등 상황에 맞는 카드뉴스 제작
<근무형태>
정규직 (4대보험 가입) (근무 시작: 7월 중순 부터 / 협의 가능)
<근무환경>
1. 사무실:
- 광주 동구 금남로 245 (전일빌딩 245)
2. 근무시간:
- 주 4일 32시간 근무 (10:00~17:00)
- 점심시간: 12:00~13:00
- 탄력 근무제, 주 1일 재택근무 가능 (협의가능)
3. 요청시 작업에 필요한 맥북 or 윈도우 노트북 제공
<지원자격>
1. 포토샵 or 일러스트 작업 가능한 분
2. 포트폴리오 첨부 필수
3. 경력, 학력 무관
<급여>
: 월 1,560,000원~(협의가능)
이메일: aniwaystore@gmail.com
홈페이지: www.aniway.store (리뉴얼중)
인스타그램:
www.instagram.com/aniway__official
전화번호: 010-2831-9981",https://everytime.kr/375182/v/258759587,8,7,0,15,부업+실패 표현 충분
광주 조금만 좋아져라 몇 가지 희망들,"24/01/09 00:54
1. 지하철 2호선
서구사람인데 광산구나 첨단 쪽 가려면 버스 1시간 이상 걸려서 갈 엄두도 안남. 만약 완공되면 광주 곳곳 이동하기 참 편할듯
2. 신세계 더현대
결국엔 이마트 부지쪽에 뒤로 새로 지으려는 건 시민단체 금호월드 때문에 무산됐지만 터미널 옆으로 확장하려는 공사할 듯. 이건 사실 별 기대안됨
3. 광주 어등산 스타필드 확정
2027년 착공시작
전국 스타필드 면적 최대규모
드디어 생기는 복합쇼핑몰에 의의가 있음",https://everytime.kr/375208/v/327244733,3,5,0,8,부업+실패 표현 충분
쇼핑몰 상품 싸게 팔아요1,"24/02/27 14:52
취준생이라 옷정리해요 ..
새상품이거나 손 안가서 1-2번 입은 옷들 전부 싸게 팔아요
전대후문쪽 직거래
1. 프렌치오브 맨투맨
그레이 27900->22000
1번 착용
2. 나시가디건 세트
아이보리 새상품
4만원 좀 넘는데 3만원으로(에눌x)
3. 홀터 아일렛 나시가디건
24800->20000
1번 착용 지금 품절
4. 퍼프 데님 원피스
저는 2만원 정도에 다른 쇼핑몰에 사서
12000원에 팔아요
1번 입음
5. 캡 셔링나시
아이보리 중국산 아니고 국산이라 퀄 좋아요
새상품 9000원
6. 소매 단추 목폴라
아이보리 2번입음 그러나 하자나 얼룩은 없음
12000원",https://everytime.kr/377489/v/332569989,3,5,0,8,부업+실패 표현 충분
,"22/04/05 15:20
고소해본사람?
나 스마트스토어 광고 사기를 당했는데 자세히 설명드리고 이게 사기죄인지 고소가능한지 경찰서 가서 물어보면 답을 해줄까? ㅜㅜ",https://everytime.kr/375181/v/244291598,3,6,1,8,부업+실패 표현 충분
정재택 교수님,"22/03/26 08:51
과제만 시험에 내시나요 모느는 문제도 내시나요 ㅠㅠ
이 글은 댓글이 달린 이후에는 수정 및 삭제가 불가능하므로, 작성하신 댓글이 삭제될 우려가 없어요.
보다 많은 학우들에게 도움이 될 수 있도록 정성이 담긴 답변을 부탁드려요.",https://everytime.kr/375208/v/242383690,3,5,1,7,부업+실패 표현 충분
,"(알수없음)
21/09/24 10:36
초등학생이랑 중학생저학년이라서 진짜 쉬워요 갑자기 서울올라가서 공부하는바람에 꿀알바 넘깁니다 ㅠㅠ
1. 업체명 : C.S교육원
2. 업무 내용 : C.S교육원 홈페이지에서 화상창 띄우셔서 수업 하시는거에요 .
3. 근무 시간 : 월수 오후 6시~8시50분 초중등 영어 (시간조정 가능)
4. 자격 : 대학생.휴학생.졸업생 (만21세 이상 수업경력자 우대)
5. 임금 : 초 중등 영어 시급10.000원~ (단계별 시급 인상) 고등영어 시급 12000~
화상수업 하는방법 배우신후 저희 학원에서 수업하기 아니면 집에서 재택으로 수업하기 선택.
편하고 재미있게 학원이나 집에서 수업하실 선생님 구해요.
장기알바 하시기엔 굉장히 편하고 안정적인 꿀알바입니다.
수업 경험 있으시다면 화상수업 경험없어도 많이 지원해주세요.
-참고사항 : 가능하면 최소6개월이상 근무하실분 우선채용합니다.
이력서 (지원분야기재) 또는 본인 간단한프로필 이멜접수후 문자주세요.
담 당 자 : 010-9943-9184 프로필 (24시 문자접수)
E-mail : mbccampus@naver.com (이력서 이멜접수후 문자)
교 육 원 : 광주광역시 북구 서암대로 170 용봉빌딩3층
(삭제)
삭제된 댓글입니다.
(알수없음)
학생스케줄과 선생님스케줄 조정해서 옮길수 있습니다
21/09/24 15:20
(알수없음)",https://everytime.kr/424589/v/210470835,3,5,1,7,부업+실패 표현 충분
"학습 관리 선생님/시급10,500~@","23/05/31 22:05
<나인스쿨> 에서 학습관리 선생님 구합니다!
업무 내용 - 나인스쿨(온라인 강의) 이용하는 학생들 학습 관리 (ex: 강의 듣기 숙제 내주기, 숙제 했는지 확인, 어려운 거 없는 지 등 확인하는 전화 업무입니다!)
집에서 재택으로 하기 때문에 중간에 전화 없는 시간에는 쉴 수 있습니다)
V 근무 시간 : 주 4일 이상, 오후 5시~10시(주3일~5일)선택 시간 및 요일 조정가능
V 임 금 : 시급 10,500원~@ (별도인센티브)
V 근무 대상 : 재학생 및 휴학생 가능, 학생 교육 관심있는 분 환영 (교육학과 관련자 환영) 6개월이상 근무가능자, 초보가능
V 근무지 : 광주 북구 설죽로124 3층, 재택근무가능
(사무실 주소인데 재택으로 일하기 때문에 일 배우는 3일 정도 빼고는 사무실 갈 일 거의 없습니다! 전남대 농대 쪽~신안교 쪽 으로 학교에서 가까운 편입니다^^)
V 접수방법 : 메일접수 및 전화문의
e-mail: em2605@naver.com
연락처 010-2645-8646",https://everytime.kr/375182/v/304872897,3,5,0,8,부업+실패 표현 충분
"🤍학습관리 선생님 아르바이트🤍 시급10500~,나인스쿨/재택근무입니다!","23/03/24 20:25
<나인스쿨> 에서 학습관리 선생님 구합니다!
✅업무 내용 - 나인스쿨(온라인 강의) 이용하는 학생들 학습관리
(ex: 강의 듣기 숙제 내주기, 숙제 했는지 확인, 어려운 거 없는 지 등 확인하는 전화 업무입니다!)
집에서 재택으로 하기 때문에 중간에 전화 없는 시간에는 쉴 수 있습니다😊
✅근무 시간 : 평일 오후 5시~10시(주3일~5일)선택 시간 및 요일 조정가능
(저는 월수금으로 일했습니다!)
✅휴일 : 국정 공휴일 휴무
✅임 금 : 시급 10,500원~&(별도인센티브)
✅근무 대상 : 재학생 및 휴학생 가능,
학생 교육 관심있는 분 환영 (교육학과 관련자 환영) 6개월이상 근무가능자, 초보가능
✅근무지 : 광주 북구 설죽로124 3층,재택근무가능
(사무실 주소인데 재택으로 일하기 때문에 일 배우는 3일 정도 빼고는 사무실 갈 일 거의 없습니다! 전남대 농대 쪽~신안교 쪽으로 학교에서 가까운 편입니다^^)
✅접수방법 : 메일접수 및 전화문의
e-mail : em2605@naver.com
연락처 010-2645-8646
(삭제)
삭제된 댓글입니다.",https://everytime.kr/375182/v/295482566,3,5,0,8,부업+실패 표현 충분
호주VS한국 야구를 보면서 알게 된 점.(반박 환영),"23/03/09 17:40
0.호주 애들은 대부분 투잡을 뛴다(원래 직업+ 야구선수) 사실상 세미 프로
1.한국 야구는 미국 마이너리그 싱글에이+급이 딱 맞다.
2.강백호는 미국 메이저리그, 일본 NPB리그 절대 진출 못함. 실력이 개ㅈ이다(단군 할아버지가 도와줘도 절대 불가능)
3.이제 KBO 선수들 FA 할때 총 연봉100억 이상 절대 불가능 (이거 어기면 선수 및 에이전트 구속 수사 해야함.)
4.흔히 우리 생각에 재벌 회장들이 인내심 없고 성격 ㅈ 같갔다고 생각하지만
이번 경기를 통해서 저 따위 선수들 연봉주고 모기업에서 구단 운영비 결제해주는 것 자체가 인내심이 부처 석가모니, 예수님급 (특히 한화 김승연 회장님은 인내심이 신급이다. 과격한 남자라 오해해서 죄송해요.)
5.이정후 메이저리그 내년에 진출 불가능(씨발 무슨 죄다 뜬공이야 그리고 어쩌다 안타 몇개) 호주 투수들이 마이너리그 싱글에이, 더블에이 수준인데 무슨 정교한 교타자는 ㅈㄹ국뽕 언론 지랄이 풍년이다.
6.김하성, 토미 에드먼도 아무리 WBC가 단기전이어도 너무 타격이 에바쎄바다 (마치 람보르기니에 300CC 엔진 장착한 격)
7.나성범 메이저 포스팅 실패 이유 납득 가능(에이전트 보라스였음), 양현종 메이저리그 실패도 납득 가능.
8.야구는 병역 면제 혜택을 취소하는 것을 고려해봐야 하는 것이 아니라 ㅅㅂ 무조건적으로 취소 해야한다.
9.김하성 샌디가서 주전경쟁 가능한가?? 걱정된다.
번외. 최지만 빠져서 우리팀 큰일 났네 이 ㅈㄹ 언론이나 해설자들 존나 떠들더니 시범경기에서 계속 무안타............
이 글은 댓글이 달린 이후에는 수정 및 삭제가 불가능하므로, 작성하신 댓글이 삭제될 우려가 없어요.
보다 많은 학우들에게 도움이 될 수 있도록 정성이 담긴 답변을 부탁드려요.
(삭제)
삭제된 댓글입니다.",https://everytime.kr/375208/v/292882984,3,7,0,10,부업+실패 표현 충분
,"(알수없음)
22/09/06 16:50
남자입장에서 오해풀어드리려고 씀
나는 여친보다는 조금더 돈 씀
근데 장수커플이라 각자 식비, 데이트로 발생하는 필수적인 비용들 이런거는 정확히 반반함.
왜냐하면 어차피 서로 학생이고 수입원이 부모님 용돈이기 때문에(있다해도 알바해서 그사람 노력으로 번 돈이고, 더 쓰는건 버는 사람마음)
서로 경제적으로 바라지 않음, 오히려 부담스러워함.
그렇기 때문에 그냥 오히려 기본적으로 반반하는게 마음이 편하고,
대신 내가 알바나 부업같은걸로 더 써도 되는 여유가 생길때,
그냥 여유있으니 부담갖지 말라 하면서 식사한끼나 카페 한번 사주는편.
아래 글처럼 왜 정확히 절반내냐고 커플들 다 이러냐고 서운한티 내고 해봤자 서로 감정상하고 결국 자기만 손해인 연애임.
마음도 마음이지만 각자 살아온 가치관도 다르고 현실적인 부분도 생각해야하기 때문에 서로 잘 대화하고 타협해서 연애하면 됨.
(누군가는 좋아하면 사주는게 당연하다, 8:2까지도 계산해봤다 이러는데, 매번그러면 난 개인적으로 한쪽은 너무 호구가되고 한쪽은 너무 김치가 될 것은 상황이라 싫어함)
반박시 님말 맞음",https://everytime.kr/375181/v/266935262,3,7,1,9,부업+실패 표현 충분
,"(알수없음)
21/09/29 21:19
초등학생이랑 중학생저학년이라서 진짜 쉬워요 갑자기 서울올라가서 공부하는바람에 꿀알바 넘깁니다 ㅠㅠ
급한데 사람이 구해지지 않아서 다시 올립니다 ㅠ
1. 업체명 : C.S교육원
2. 업무 내용 : C.S교육원 홈페이지에서 화상창 띄우셔서 수업 하시는거에요 .
3. 근무 시간 : 월수 오후 6시~8시50분 초중등 영어 (시간조정 가능)
4. 자격 : 대학생.휴학생.졸업생 (만21세 이상 수업경력자 우대)
5. 임금 : 초 중등 영어 시급10.000원~ (단계별 시급 인상) 고등영어 시급 12000~
화상수업 하는방법 배우신후 저희 학원에서 수업하기 아니면 집에서 재택으로 수업하기 선택.
편하고 재미있게 학원이나 집에서 수업하실 선생님 구해요.
장기알바 하시기엔 굉장히 편하고 안정적인 꿀알바입니다.
수업 경험 있으시다면 화상수업 경험없어도 많이 지원해주세요.
-참고사항 : 가능하면 최소6개월이상 근무하실분 우선채용합니다.
이력서 (지원분야기재) 또는 본인 간단한프로필 이멜접수후 문자주세요.
담 당 자 : 010-9943-9184 프로필 (24시 문자접수)
E-mail : mbccampus@naver.com (이력서 이멜접수후 문자)
교 육 원 : 광주광역시 북구 서암대로 170 용봉빌딩3층",https://everytime.kr/424589/v/211286019,3,5,1,7,부업+실패 표현 충분
동남아 가본 후기,"24/09/22 19:23
1. 마닐라
존나 위험해서 무조건 그랩만 타야되고 소매치기 좆된대서 긴장하며 다님
막상 가니까 대형쇼핑몰이 너무재밌었음 이것저것 신나게 삼
내가 좀 이뻐서 필리핀사람들이 겁나게 쳐다봄
음식은 솔직히 별로였음
여기 고급호텔들 가성비가 좋음 호캉스 하고싶어지면 또 갈듯 근데 맛집을 철저히 알아봐야 할 것 같음...
2. 다낭
가족여행을 패키지로 감
그냥 가이드가 ㅈㄴ끌고다님 뭐 기억나는게 별로 없고 솔직히 별로였음 가이드가 데려간 식당들은 인스타감성은 없었지만 다 오지는 맛집이었음 그거하나는 ㅇㅈ함
아빠만 존나 감동받음 어느포인트에서 감동받은건지 모르겠음
근데 마지막날 공항올때 아빠 혼자 알수없는이유로 개빡쳐서 성질부려대서 힘들었음 난 두번다시 가족여행을 가지 않을것임
3. 나트랑
나트랑은 지상낙원임
호텔 리조트 존나 싸다
시내에서 맛있는 밥이랑 코코넛스무디먹고 시장가서 귀여운거 사고 저녁엔 마사지 받고
리조트가서는 조식 맛있게 먹고 수영하고 괜찮은 금액대인 호텔 레스토랑 밥 먹고
나트랑 또 가고싶다 진심 최고
사람들도 착해
4. 세부
추석때갔다옴
리조트 있는 동네가 진짜 판잣집 흙탕물 비포장도로 진흙 거리라서 충격을받음 마닐라는 적어도 판잣집이 포장도로 옆에 있었는데...
세부는 전반적으로 한국관광객에게 돈을 뽑아내자는 독기가 한인업체들에서 느껴져서 거북했음 한인 마사지업체 비싸고 자기들 맘대로 예약을 취소해버리질 않나...혼자서 마사지하러 올거면 2만원 추가로 내라하지를 않나 정신머리들이 부족해 보였음 그래서 현지업체갔는데 가격도 싸고 마사지 잘하고 친절하셔서 만족함
리조트는 수영장도 이쁘고 음식도 맛있고 직원들도 친절하고 괜찮았음
세부시티는 내가좋아하는 대형 쇼핑몰 있어서 좋았음
리조트 직원들이 나 이쁘다하고 세부시티 쇼핑몰 가면 사람들이 좀 쳐다봄 그래도 세부는 한국인 관광객들 많아가지고 마닐라보단 덜 쳐다봄
음식은 마닐라보다 맛있었음
전반적으로 나쁘지않았지만 이왕 해외갈거면 나트랑에 갈듯...
다음 목적지 치앙마이",https://everytime.kr/375208/v/355179245,3,7,1,9,부업+실패 표현 충분
우리집,"(알수없음)
23/12/20 20:24
부모님 이혼 하시고 엄마랑 같이살아.
내가 맏이라 이제 내가 가장이라고 부담을 주셔.
난 20대 중반이고 일 안하고 집에서 논지는 한달 넘어가.
엄마는 일을 안하시는 주부에 가깝고 부업으로 50정도? 월 수입 있으셔.
친척들한테 엄마가 잘 해서 도움받아서 집도 사고 차도바꾸고 도움을 많이받아 아마 생활비도 받을거야.
이런 상황에서 엄마 자신의 미래를 한탄하시면서 나를 혼내시더라고.
너가 정상적인 생각을 가졌으면 너가 가장이란 생각을 해야한다, 이렇게 너가 놀고있는게 미래가 안보인다 등등…
엄마가 나 어릴땐 키워야하는 의무감이 있었지만 지금까지도 키워야하냐고 하셨어. 나 집에서 밥만먹고 기타 지출은 내가 모은 돈에서 해결하는데…
내가 생각했을때 엄마도 알바 하시면 노후준비가 될거같은데 왜 나만 뭐라하실까 싶어.
나도 엄마 알바 하는거 바라지도 않고 친척들이 부족함 없게끔 신경써줘서 알바까지는 안해도 되는 상황이긴해. 근데 계속 나를 마치 자기 노후와 호강의 도구로 생각하는거 같아서 기분이 안좋아. 이거 내가 배은망덕한걸까?",https://everytime.kr/375181/v/325627199,3,5,0,8,부업+실패 표현 충분
모자 새상품 판매해요!,"23/10/25 16:30
모거라는 쇼핑몰애서 구매했는데
여행날자애 맞춰서 배송을 못받아서 ㅠㅠ 쓸일이 없을 것 같아 판매합니다
25,000원에 구매했는데 15,000원에 판매해요!",https://everytime.kr/377489/v/320394753,4,7,1,10,부업+실패 표현 충분
,"20/03/06 18:05
재택근무 4일차
오늘 분명 무급휴일날인데 오전에 잠깐만 업무 보자더니
하루종일 일하다 놀았다가 일하다 놀았다가 결국 5시 다되서 끝났다.
오늘 일한거는 수요일이 무급휴일이고 금요일이 유급휴일인거처럼 생각하면
오늘 어차피 돈주는 날이니까 조금 일했다고 치자는 병신같은 정신승리 하자는데 개병신들
하도 중간에 할게없으니까 홈카페에 도전하고있다
유튜브에서 400번 저어서 만드는 달고나 커피 도전했는데 거기도 사기꾼들 뿐이다.
적어도 600번은 저어야 완성됨.
재택근무하는 이유를 모르는 부장님이 오늘 금요일인데
모여서 회식이라도 해야되는거 아니냐는 개병신 아이디어를 내놨지만
차장님이 컷 하는데 성공",https://everytime.kr/386037/v/107763222,3,7,2,8,부업+실패 표현 충분
학습관리매니저 구해요~!(재택근무),"23/09/01 21:59
1. 업체명 : 주) 나인스쿨
2. 업무 내용 : 기존회원들 전화상으로 학습관리(전화업무)
3. 근무 시간 : 평일 오후 5시~10시(주4일~5일)선택 시간 및 요일 조정가능
4. 휴 일 : 국정공휴일 휴무
5. 임 금 : 시급 10,500원~15,000원
6. 근무 대상 : 재학생 및 휴학생 가능 ( 교육학과 관련자 환영) 6개월이상 근무가능자
7. 근무지 : 광주 북구 설죽로124 3층 , 재택근무가능
8. 접수방법 : 메일접수 및 전화문의
e-mail : em2605@naver.com , 연락처 010-2645-8646
저는 취업해서 그만둡니다! 하실분들은 쪽지 주세요!!",https://everytime.kr/375182/v/314668029,3,5,0,8,부업+실패 표현 충분
3단계로 격상하면 슬픈 이유,"20/08/22 11:38
3단계 - 10인이상 집회금지, 모든 스포츠행사 중지, 모든 공공시설 운영중지, 민간시설은 중위험업종까지 중단, 유치원학교 등교중단, 공공기업 필수인원 외 재택근무, 사기업 재택근무 권고
중위험시설 - 식당, 카페, 학원, 종교시설, 극장, 예식장, 헬스장, 사우나, 오락실, 공연장 등
ㅠㅠㅠ 너무 슬프다구 ㅠㅠㅠㅠ
(알수없음)",https://everytime.kr/375208/v/138162862,3,5,1,7,부업+실패 표현 충분
반팔 블라우스 7천원 팝니다,"24/08/28 18:56
지금은 2만원대에 파는데
저는 19900원에 샀어요!
나름 자주입어서 7천원에 팝니다!
쇼핑몰 샷이랑 완전 똑같아요👍🏻",https://everytime.kr/377489/v/352646024,3,5,0,8,부업+실패 표현 충분
,"(알수없음)
21/09/08 13:02
1. 업체명 : C.S교육원
2. 업무 내용 : C.S교육원 홈페이지에서 화상창 띄우셔서 수업 하시는거에요 .
3. 근무 시간 : 월수 오후 5시~7시10분 초중등 영어 7시 20분~8시 50분 고등영어 (시간 조정가능)
4. 자격 : 대학생.휴학생.졸업생 (만21세 이상 수업경력자 우대)
5. 임금 : 초 중등 영어 시급10.000원~ (단계별 시급 인상) 고등영어 시급 12000~
화상수업 하는방법 배우신후 저희 학원에서 수업하기 아니면 집에서 재택으로 수업하기 선택.
편하고 재미있게 학원이나 집에서 수업하실 선생님 구해요.
장기알바 하시기엔 굉장히 편하고 안정적인 꿀알바입니다.
수업 경험 있으시다면 화상수업 경험없어도 많이 지원해주세요.
-참고사항 : 가능하면 최소6개월이상 근무하실분 우선채용합니다.
이력서 (지원분야기재) 또는 본인 간단한프로필 이멜접수후 문자주세요.
담 당 자 : 010-9943-9184 프로필 (24시 문자접수)
E-mail : mbccampus@naver.com (이력서 이멜접수후 문자)
교 육 원 : 광주광역시 북구 서암대로 170 용봉빌딩3층
제가 서울 가서 공부하게 되는 바람에 그만두게 되었는데 수업하는데 엄청 어려움 느끼지 않으셔도 됩니다.",https://everytime.kr/424589/v/208281384,3,5,0,8,부업+실패 표현 충분
크림 레더자켓,"24/04/09 04:29
꽃 보러 갈때 입기 좋은 옷 팝니다💐
밝은색 아우터 없으신 분 25,000원에 하나 장만하세용
지금 사진이 없어서 최대한 비슷한 쇼핑몰에서 사진 가져왔는데요!
2번 사진처럼 라이더자켓 카라 있고, 색깔, 재질, 핏 전체적으로는 1번이랑 비슷해요
스타일 구애 없이 어느 옷에나 걸칠 수 있는 (크롭 x 슬림 x) 캐주얼한 라이더자켓입니다",https://everytime.kr/377489/v/338697681,3,5,0,8,부업+실패 표현 충분
아니 이게 맞아?,"24/06/12 23:39
저번주 주말 새벽에 에이블리로 옷을 좀 주문했는데
상의를 시킨 두 마켓에서 한 쪽은 문의 했는데 시간이 늦어서 그런지 답이 없고 한 쪽은
수요일 발송이라고 했다가 나중엔 목요일에 발송을 한다길래 배송지 변경을 해야해서 문의하니까 빨라야 이번주 목~금에 발송이고 늦으면 다음주 초에 발송을 한다고 답이 왔어 그리고 변경희망 배송지가 도서산간지역이라 추가 배송비가 붙는데 그걸 나보고 감당하래
쇼핑몰에서 문제가 생겨 배송지 변경을 하는데 다는 비용을 내가 지불해야한다는 게 무슨 소리냐라고 물으니 꼬우면 취소하라는 식으로 연락 옴..
아니 시간이 남아돌아 시킨 것도 아니고 취소하면 거기 사용한 쿠폰, 포인트 다 날아가는데 이거에 대한 말은 아무것도 없음
지금도 뚜껑 열리기 직전인데 다른 마켓도 이럼 이거 신고해도되냐?
.
.
.
1. 판매자 사정으로 배송 지연 문제 발생
2. 배송지연으로 인한 배송지 변경 요청
3. 변경 배송지가 도서 산간 지역이라 판매자 배송비 감당× 꼬우면 취소ㄱ
4. 이게 맞아??",https://everytime.kr/375208/v/345898428,5,5,0,10,부업+실패 표현 충분
블로그 부업 해본 사람?,"21/04/18 23:11
내
블로그 진짜 그냥 일기장처럼 글 적어서 방문자 1~3정도란말야 (0일 때도 있음)
근데 재택 블로그 부업 할 생각없냐고 누가 댓글달았어 어떡할까?? 솔직히 뭔가 사기같은 느낌.. 도 들어 그냥 안 할까싶긴해",https://everytime.kr/375208/v/184042764,9,7,4,12,부업+실패 표현 충분
카페 차리면 돈 얼마나 벌까?,"19/06/08 17:46
( 1인 카페랑 프렌차이점이랑 다르겠지만... 사실 잘은 모르겠는데) 일단 개인카페를 기준으로 이야기 해보자!
오늘 카페 갔다가 내 또래?처럼 젊으신 분이 사장님으로 계시더라고....
그 분처럼 젊은 나이에 취업 대신 일찍 자기 가게 차리신 분들 보니까 궁금한게 많아서 ㅎㅎ
요새 카페들 인테리어도 다 예쁘고 그러잖아. 암튼 그렇게 예쁜 카페들 사이에서 살아남기 참 힘들 거 같은데.... 그래도 계속 생기고 있는 추세라 궁금함. 취업 대신 창업을 하는 이유?가.
""카페가 포화시장이고 하루에 아메 몇 십잔을 팔아도 고작 얼마뿐이다.. 게다가 직원 1명 들인다고 치고, 인테리어나 메뉴 이것저것 관련해서 신경쓸것도 많고 드는 돈도 많고.... 본인이 운영하려면 쉴 수 있는 날이 없다. 카페 하는게 아니다!""이런 말들 많잖아?
궁금해서 유튜브 영상 막 찾아보면 실패 사례나 현실단점 들어보면 너무 이해가 되는거야.
근데도 하는 분들은 뭘까? 그래도 뭐가 장점이 있으니까 할 거 아냐...!
(생업으로 하는 사람보다는 부업정도로 하는 사람도 많다고는 하는데... 생업으로 하는 분들도 있을테니까.)
그리고 다 떠나서 중소기업, 9급공뭔에서 버는거랑 개인 카페 여는거랑 비교하면 어떤게 더 나을까?
남의 돈 받으며 일하는 게 차라리 마음은 편해 보이거든?
근데 그냥 단순히 돈만 보면 카페가 더 많이 벌 거 같아서.... 아닌가? 내가 너무 잘 된 케이스만 본거일수도..
근데 카페가 상권 잘 잡는다 쳐도, 중소기업, 9급이 월수입이 적다고 쳐도 .... 개인 가게는 자기 건물 아니면 나가는 돈이 많을 거 같은데...
걍 궁금함.... 우리 학교에도 한 사람들 있을 거 같은데... 창업
PS 전대 후문에 있는 카페들 커피는 맛없어도 인테리어 분위기 때문에 오는 사람들은 많잖아! 도 나많이 버실까? ㅎㅎ 궁금타
아닌가?
중소 갈바엔 차라리 카페 하나 차린다는게 현실적으로 타당한? 말이 맞니?
(알수없음)",https://everytime.kr/375208/v/78478771,4,7,5,6,부업+실패 표현 충분
제미나이에게 떡상&떡락 지방도시 물어봄,"25/11/10 00:21
대한민국의 지방도시는 수도권 집중 현상, 산업 구조의 변화, 인구 고령화 등 복합적인 요인에 따라 미래 전망이 크게 엇갈리고 있습니다.
전망을 판단하는 기준은 주로 인구 (특히 청년 인구)의 유입/유출, 신산업(일자리) 유치, 교통 인프라 확충 등입니다.
🧭 미래 전망이 긍정적인 지방도시
이 도시들은 공통적으로 수도권과의 접근성이 개선되었거나, **확실한 미래 산업(대기업 투자)**을 유치하며 자생력을 갖추고 있습니다.
1. 청주시 (충북)
* 이유 (산업): 대한민국 '배터리(이차전지)' 산업의 핵심입니다. LG에너지솔루션, SK하이닉스, 에코프로비엠, 삼성 SDI, 방사광가속기 등 초대형 기업들이 밀집해 있습니다. 관련 투자가 계속 이어지고 있어 양질의 일자리가 풍부합니다.
* 이유 (인구/교통): 인구가 88만 명에 육박하며 구)청원군 통합 이후 청년인구가 꾸준히 증가세입니다. KTX 오송역 및 청주공항이라는 강력한 교통 허브를 보유하고 있습니다.
2. 천안시 / 아산시 (충남)
* 이유 (교통/입지): 사실상 '남부 수도권'으로 불릴 만큼 수도권과의 접근성이 압도적입니다. (수도권 전철 1호선, KTX/SRT, 향후 GTX-C 연장)
* 이유 (산업): 삼성디스플레이가 위치한 아산(탕정)을 필두로, 천안은 대규모 산업단지와 다수의 대학이 포진해 있습니다. 수도권에서 밀려나는 공장과 인구를 흡수하며 계속 팽창하고 있습니다.
3. 세종특별자치시
* 이유 (정책/인구): 명실상부한 행정수도입니다. 정부 부처와 공공기관이 밀집해 있어 고급 일자리가 보장됩니다. 그 결과, 전국에서 평균 연령이 가장 낮고 출산율은 가장 높습니다.
* 이유 (인프라): 도시 자체가 계획도시이기에 인프라가 계속 확충되고 있으며(국회 세종의사당 등), 주변 도시(대전, 청주)와의 연계성도 강화되고 있습니다.
이 도시들은 KTX나 수도권 전철, 고속도로로 서울과 매우 가까워져 수도권의 기능을 나눠 갖는 확장판이 되어가고 있습니다.
또한 청주, 천안, 세종, 대전이 서로 붙어 있으면서 행정(세종), R&D(대전), 신산업(청주/천안) 등 역할을 분담해 하나의 거대한 도시처럼 묶여 발전하고 있습니다.
📉 미래 전망에 어려움이 있는 지방도시
이 도시들은 기존 주력 산업의 쇠퇴, 심각한 청년 인구 유출, 고령화라는 3중고를 겪고 있는 경우가 많습니다.
1. 전통 제조업 쇠퇴 도시 (예: 울산, 거제)
* 이유 (산업 구조): 울산(자동차), 거제(조선) 등은 한국 경제를 이끈 핵심 도시였으나, 주력 산업이 글로벌 경기나 산업 트렌드(예: 전기차 전환, 조선업 불황)에 크게 흔들립니다.
* 이유 (일자리): 산업이 흔들리면 도시 경제 전체가 침체하고, 청년층이 일자리를 찾아 수도권이나 다른 신산업 도시로 떠나는 현상이 심각합니다. (물론 최근 조선업이 일부 회복세이긴 하나, 구조적 취약성은 남아있습니다.)
2. 구도심 및 항구 도시 (예: 목포, 군산)
* 이유 (산업 기반 약화): 군산은 GM대우 공장 폐쇄로 큰 타격을 입었고(최근 신재생에너지 등으로 반등을 모색 중), 목포는 인근 광양/여수에 비해 신산업 유치에 어려움을 겪으며 인구 유출이 지속되고 있습니다.
* 이유 (인구): 새로운 일자리가 부족하니 청년들이 떠나고, 도시 전체의 활력이 떨어지는 악순환이 발생하기 쉽습니다.
3. 광주광역시
* 이유 (인구 및 일자리): 양질의 일자리가 부족하여 청년 인구가 타지역(특히 수도권)으로 많이 탈출하는 현상이 심각합니다.
* 이유 (지리 및 인프라): 주변에 인접한 대도시가 없어 지리적으로 고립되어 있으며, 일각에서는 시민 단체 등의 영향으로 복합 쇼핑몰이나 주요 SOC 사업 등 도시 인프라 확충이 타 도시에 비해 원활하지 않아 교통 접근성 및 기반 시설이 전반적으로 취약하다는 평가를 받습니다.
요약: 결국 지방 도시의 미래는 수도권과 경쟁할 수 있는 '미래형 일자리(대기업/신산업)'를 유치하느냐, 아니면 '청년 인구 유출'을 막지 못하고 고령화되느냐에 달려있다고 볼 수 있습니다.
설마 했는데 역시나 광주도 포함이네...
서울공화국 심해져서 수도권과 가까운 충청도 일부는 전망 좋고 서울에서 먼 광주 울산 부산 이런데는 점점 인구 감소할듯",https://everytime.kr/375208/v/393819557,4,5,0,9,부업+실패 표현 충분
근데 왜 민주당이 전라도에 뭐 안해줬다는거임?,"25/06/04 00:12
뭐 백화점 대형쇼핑몰 안지어줬다고 그러는거야? 근데 그건 기업이 선택하는거고 지역상인 반대땜에 안된거잖아.
막말로 잼버리같은거 보면 실패하는거에도 개퍼준거아님? 국힘은 뭐 줬나?",https://everytime.kr/375208/v/381810832,3,7,0,10,부업+실패 표현 충분
블로그 원고 재택 알바 구합니다!,"22/10/11 14:10
부산에 있는 바이럴 마케팅 회사에서
블로그 원고 써주실 재택 알바 구합니다!
1건 당 7,000원
창작 아니고 쉽게 쓸 수 있는 가이드와 틀 제공합니다
키보드만 칠 수 있으면 할 수 있을 정도로 쉬워요
매일 오전 11시까지 원고 제출해주시면 되고
제출 시간은 담당자와 협의하여 조정할 수 있어요
원고 퀄리티에 따라 원고료 인상 가능성 무한!
매주 금요일 정산합니다
매일 출퇴근을 해야 하는 게 아니라 집에서
시간 있을 때 간단히 하기 좋은 일입니다!
담당자 카톡: kimjakka27
메시지 보내주실 때 [성함/연락처] 같이 보내주시면 되고
가이드와 간략한 설명 먼저 해주실 거예요!
궁금한 사항은 카톡으로 바로 보내주세요
쪽지 확인 안 합니다!",https://everytime.kr/375209/v/271392471,8,5,3,10,부업+실패 표현 충분
