title,content,category,date,views,money_mentions,time_mentions,source,cafe_id,search_keyword,article_url,flag_scam,flag_loss,flag_refund,flag_fee,flag_timewaste,has_money,has_time
"투잡, 한번 실패 그리고 두번째 도전","현재 직장을 다니고 있는 직장인입니다.
급여가 연차가 되도 늘지 않아 선택하게된 부업.
처음 투잡으로 온라인 부업을 했을때 솔직히 기대가 컸었거든요
나도 저 사람처럼 돈을 벌 수 있겠구나! 하고..
그런데 현실은 그냥 돈만 날린꼴.....ㅠㅠ
그 후 온라인부업 이젠 안하리라 했는데
정말 친한 친구의 계속된 설명과 추천으로 팸마켓이라는 온라인 부업을 하게되었어요!
이 일은 무료회원으로도 수익이 가능하다고 해서
정말 무료회원으로 3개월간 해봤어요!!
진짜 돈을 벌더라구요?!! 한달에 꽤 벌었죠~ 그래서 유료회원으로 전화해서
두달만에 본전 회수하고 바로 수익으로 성공!
요새는 간간히 하고 있답니다 ㅎㅎ
물론, 다 그렇게 가능하지는 않겠지만 진짜 틈틈히 직장생활하면서 열심히 했답니다!
어렵지 않아서 금방 적응하고 몸이 익숙해지기 시작하니
그만큼 수익도 커지고!!
그 덕에 조금의 여유가 생겼어요!
그래서 이렇게 소소하게 소개도 할겸 글 남깁니다~^^
모두 좋은하루 보내세요!!",부업,2025.03.24. 08:39,조회 18,,3개월,naver_cafe,20340660,실패,https://cafe.naver.com/f-e/cafes/20340660/articles/901352?boardtype=L&referrerAllArticles=true&inCafeSearch=true&query=%EC%8B%A4%ED%8C%A8&art=aW50ZXJuYWwtY2FmZS1hcnRpY2xlLXJlYWQtaW5DYWZlLXNlYXJjaC1saXN0.eyJ0eXAiOiJKV1QiLCJhbGciOiJIUzI1NiJ9.eyJjYWZlVHlwZSI6IkNBRkVfSUQiLCJhcnRpY2xlSWQiOjkwMTM1MiwiaXNzdWVkQXQiOjE3NzUwMzgzNzU4NzgsImNhZmVJZCI6MjAzNDA2NjB9.L-piWaR1-6nqJCRh6ZdH-4a_6QNYDQfViox7WDH0n_w&page=1,0,1,0,0,0,0,1
"경기침체와 금리인상 대비 실패를 줄이는 창업전략, 월급쟁이 재테크 이렇게한다!","다양한 #투잡, #부업, #창업, #재테크 방법이 있지만
쇼핑몰 운영대행 솔루션의 가장 큰 장점은
처음 접해보는 사람도, 초보자도 믿고 맡길 수 있다는 장점이 있고,
재고와 매출에 대한 부담감과 걱정거리를
쉐어온 본사가 책임지고 운영대행해 주기 때문에
초보자 부업, 소자본 부업으로 가장 적합합니다.
관심이 있으시다면
생각이 있으시다면
쉐어온이 궁금하시다면
마음 편하게 상담 문의하셔도 됩니다.
성실하게 답변해 드리겠습니다.
태그",부업,2022.08.02. 13:55,조회 4,,,naver_cafe,20340660,실패,https://cafe.naver.com/f-e/cafes/20340660/articles/812365?boardtype=L&referrerAllArticles=true&inCafeSearch=true&query=%EC%8B%A4%ED%8C%A8&art=aW50ZXJuYWwtY2FmZS1hcnRpY2xlLXJlYWQtaW5DYWZlLXNlYXJjaC1saXN0.eyJ0eXAiOiJKV1QiLCJhbGciOiJIUzI1NiJ9.eyJjYWZlVHlwZSI6IkNBRkVfSUQiLCJhcnRpY2xlSWQiOjgxMjM2NSwiaXNzdWVkQXQiOjE3NzUwMzgzNzg2MTUsImNhZmVJZCI6MjAzNDA2NjB9.nX8IGwdxP5znpXaBplkDbX4mW-3j-2LC_GoEMPa2hC0&page=2,0,1,0,0,0,0,0
실패없고 누구나 할수있는 {재택알바},"온라인에 돌아다니는 재택알바나 부업관련들 보면 초기비용이 없다고하고
가입을 유도해놓고 가입해보면 돈을 더 벌고싶으면 돈을 내라고하는
얼토당토한 얘기가 꼭 나옵니다
아니, 돈이 부족해서 {부업을} 하려고하는건데
돈을 내라니!!!
이제 그만속으세요
좋은 재택알바 조건
1. 비용이 들어가는가?
▶절대 없습니다
2. 일이 어렵지않은가?
▶ 누구나 할 수 있습니다
3. 노력한 만큼 벌어갈수 있는가?
▶ 노력한만큼 수익이 난다는것만큼은 정말 메리트있는 일입니다
실패없는 재택알바 지금바로 확인.
▼좋은명언▼
산다는것
그것은 치열한 전투이다.
-로망로랑",부업,2022.03.23. 11:29,조회 9,,,naver_cafe,20340660,실패,https://cafe.naver.com/f-e/cafes/20340660/articles/794318?boardtype=L&referrerAllArticles=true&inCafeSearch=true&query=%EC%8B%A4%ED%8C%A8&art=aW50ZXJuYWwtY2FmZS1hcnRpY2xlLXJlYWQtaW5DYWZlLXNlYXJjaC1saXN0.eyJ0eXAiOiJKV1QiLCJhbGciOiJIUzI1NiJ9.eyJjYWZlVHlwZSI6IkNBRkVfSUQiLCJhcnRpY2xlSWQiOjc5NDMxOCwiaXNzdWVkQXQiOjE3NzUwMzgzNzg2MTUsImNhZmVJZCI6MjAzNDA2NjB9.ziN6RDZCqOrYvjC964yRg0yBE57JNcnpesFpz3hWngo&page=2,0,1,0,0,0,0,0
실패리스크 적은 재택부업,"코로나가 장기화 되면서 돈 벌기가 굉장히 어려워졌죠?
특히 자영업자 분들은 생계를 이어가기 힘드실 것입니다
저도 돈을 벌기 위해 주식도 해봤는데요
올라갔다..내려갔다..
하루종일 왔다 갔다 하는 제 주식을 틈만 나면 봤었습니다
그러다가 거울에 비친 제 모습을 보니 한심하더라고요
하루하루를 이렇게 보낼 수 없다고 느낀 저는 돈 벌 수 있는 곳을 찾아봤습니다
그렇게 찾은게 바로 월천클럽입니다
월천클럽은 대기업에서 진행하는 일이다보니
초기비용도 부담이 안되고, 실패리스크도 적어서 시작하게 되었는데요
처음에는 홍보하는 일에 익숙하지 않아 걱정을 많이 했지만
팀에서 알려주신 대로 따라 했더니 쉽게 적응할 수 있었습니다
코로나로 힘든 시기 함께 나아가요
아래에 있는 설문 조사를 하시면 상담 받으실 수 있습니다.",부업,2022.02.06. 16:44,조회 7,,,naver_cafe,20340660,실패,https://cafe.naver.com/f-e/cafes/20340660/articles/788122?boardtype=L&referrerAllArticles=true&inCafeSearch=true&query=%EC%8B%A4%ED%8C%A8&art=aW50ZXJuYWwtY2FmZS1hcnRpY2xlLXJlYWQtaW5DYWZlLXNlYXJjaC1saXN0.eyJ0eXAiOiJKV1QiLCJhbGciOiJIUzI1NiJ9.eyJjYWZlVHlwZSI6IkNBRkVfSUQiLCJhcnRpY2xlSWQiOjc4ODEyMiwiaXNzdWVkQXQiOjE3NzUwMzgzNzg2MTUsImNhZmVJZCI6MjAzNDA2NjB9.rqttESE9Ua0uRuy2ScBOCRHZT351Z4dlnXCv9stN5sU&page=2,0,1,0,0,0,0,0
자택알바 실패없이 확실히 성공할 수 있어요!,"자택알바 실패없이 확실히 성공할 수 있어요!
안녕하세요.
하모니잡 아이니맘입니당
일감이 너~~무 많은 하모니잡에서
한달간 이벤트 진행중에 있는데요.
이벤트 관련 소식 아래 블로그 들어오시면
살펴보실 수 있어요.
지금 바로 확인해보세요~!!
▼▼▼▼▼▼
하모니잡 돈 벌 사람을 찾습니다!
하모니잡 돈 벌 사람을 찾습니다!안녕하세요.하모니잡아이니맘이예요.진짜 오랜만에 블로그 글남기러 ...
blog.naver.com",부업,2021.03.16. 18:14,조회 9,,,naver_cafe,20340660,실패,https://cafe.naver.com/f-e/cafes/20340660/articles/743797?boardtype=L&referrerAllArticles=true&inCafeSearch=true&query=%EC%8B%A4%ED%8C%A8&art=aW50ZXJuYWwtY2FmZS1hcnRpY2xlLXJlYWQtaW5DYWZlLXNlYXJjaC1saXN0.eyJ0eXAiOiJKV1QiLCJhbGciOiJIUzI1NiJ9.eyJjYWZlVHlwZSI6IkNBRkVfSUQiLCJhcnRpY2xlSWQiOjc0Mzc5NywiaXNzdWVkQXQiOjE3NzUwMzgzODA5MTUsImNhZmVJZCI6MjAzNDA2NjB9.aOH0MtmlsSjp847ptmOCH9-107ftXe5hHlrEVyAdPOM&page=3,0,1,0,0,0,0,0
실패없는 주부부업 하실분?,"안녕하세요?
주부님들 코로나19때문에
걱정이 많으시죠?
가정경제 안전하신가요?
들어갈돈은 상황 상관없이
들어가고 아이들 학원비 생활비
휴~~~ 벌이는 줄고 들어갈곳은
많아지는 현상입니다~
제가 이곳 부업을 추천하는 이유는
이미 알고있는 탄탄한 대기업에서
리스크가 없다는 것과
발전가능한 무한한 가능성 있다는 것입니다.
아무리 초기비용 부담없는 부업이라해도
미래를 내다보고 해야 합니다.
이곳은 무료로 팀을 통해 피트백 받고
함께 하는 시스템으로써 믿고 시작하게 되었습니다
1~2시간 하는거라 우선은 직장인투잡
전업주부 알바 로 시작하셔도 되는
핸드폰만 있으면 되고 장소 시간 구애받지 않는
부담은 일도 없는 실패없는 주부 부업 입니다.
평생 안정적인 수익얻으며 미래를 대비하고
싶으신분 설문통해 상담 받아 보시고
결정하셔도 늦지 않습니다.
리피패밀리는 합법적인 네트워크사업을 한는팀이며 수익을 보장 하지 않습니다
본글의 목적은 함께 네트워크마케팅 판매원활동을 할 비지니스파트너모집이 주 목적입니다",부업,2021.03.11. 22:29,조회 11,,2시간,naver_cafe,20340660,실패,https://cafe.naver.com/f-e/cafes/20340660/articles/743076?boardtype=L&referrerAllArticles=true&inCafeSearch=true&query=%EC%8B%A4%ED%8C%A8&art=aW50ZXJuYWwtY2FmZS1hcnRpY2xlLXJlYWQtaW5DYWZlLXNlYXJjaC1saXN0.eyJ0eXAiOiJKV1QiLCJhbGciOiJIUzI1NiJ9.eyJjYWZlVHlwZSI6IkNBRkVfSUQiLCJhcnRpY2xlSWQiOjc0MzA3NiwiaXNzdWVkQXQiOjE3NzUwMzgzODA5MTUsImNhZmVJZCI6MjAzNDA2NjB9.rHofBt7Y89cH66aC-ECGnrYohOluYMyZBhtAJPdOHAY&page=3,0,1,0,0,0,0,1
40대주부알바 실패없이 하려면요?,"40대주부알바 실패없이 하려면요?









안녕하세요
요즘 일하는 재미에 푹 빠진 
주부랍니다

전문직을 내려놓고 오랜시간
경력단절과 외벌이에 
안해본 일없이 했던 저였어요 
적지 않은 나이에 육체적인 노동은
힘에 부치고 그나마 시간제 알바도
나이탓 인지 거의 자리가 없더라고요

그렇지만 
벌써 올해 초부터 시작된
40대주부알바로 집에서 편하게 
직장인 월급을 벌게 되네요
 제가 그간 재택근무 한 경험을
바탕으로 실패없이 주부알바 선택
할수 있는 팁을 드릴께요
















저는 온라인 부업이 처음이 아닌
듣기 싫은 부업 실패자가 되고 말았어요

부끄럽게도 그간 거친 부업만 해도
다섯 손가락을 넘어갈거 같아요
고수익자의 통장에 혹 한것도 있겠지만
마케팅을 알고나서는 
아~ 하는
탄식이 절로 나더라고요

다시는 
눈을 돌리고 싶지않을 정도였지만
마케팅을 접한 저로서는 
이게 얼만큼의 가치가 있는 일 이란걸 
누구보다 잘 알게 된 후라
쉽게 잊혀지지 않았고
더욱이 합리적인 회사를 
알고 나선 여기라면 
성공할수 있겠다는 확신이 들었어요









제가 마지막으로 
선택한 40대주부알바는
바로 하모니그룹입니다

하모니그룹은 애드파인더를 
기반으로한 광고 시행사인데요
2013년부터 실제 광고주들의 
마케팅 광고 기획을 선도하며
이끌던 엄청난 회사에요

최고 마케팅 전문가들이 
상주한 하모니그룹이
재택근무의 올바른 
선두주자가 된건데요

기존 재택근무의 
불합리함을 뒤엎고
현재 당당히 1위 자리로 
올라섰답니다










저의 갈증을 
해소해준 하모니그룹
40대주부알바의 
핵심만 딱 짚어서알려주는곳이에요

그간 온라인 
주부알바를 접하면서
답답했던 것들..
교육,회원관리,일의어려움,
불합리한 부수익의 단가,
주수익 만을 강조해 
회원모집만을 강요하는
시스템이 정말 질리도록 싫었어요

하루종일 컴퓨터 앞에 앉아 몇천원짜리
글을 쓰거나 블로그 최조카를 위해 종일
댓글달고 이웃관리에 지치기도 했었죠

실제 매달 통장에 수익이 쌓이고 
노력한 댓가가 보이는게 아닌 
언제 될지도 모르는 일을
무작정 하며 기다리기란 
지치고 힘들었고
어느새 포기 아닌 포기 시점까지 가게 된
저를 발견하게 되더라고요












저의 지친 맘을 알아준 회사고
실제 수익이 통장으로 
내가 일한만큼 들어오는게 보이는 
합리적이고 탄탄한 회사에요

그렇게 될수 밖에 없고 
제가40대주부알바로 
돈을 벌수 밖에 없었던 
이유들은 아주 간단했어요

마케팅의 정석을 
배워야 한다는거에요
하모니그룹은 
마케팅 전문가가 영역별로
상주한 회사인데요
이곳에서 인프라들을 위해
실무중심의 머니플래너 교육을 
실시하고 있어요
단기 이수기간 일주일을 거치면 
회사의 광고주 실무에 투입이 되고
곧바로 수익창출로 연결이 됩니다













간단한 원고쓰기,채널관리대행,테더링
광고기획,디자인업무,바이럴관리 등등
단가부터 일의 퀄리티가
타부업과 비교가 안되거든요

부수익의 다양은 일을 하는 만큼
수익이 되고 굳이 초보가 되지도 않는
회원모집에 목을 맬 필요도 없어요

부수익만으로 얼마든지 직장인 월급이
가능하고 자신의 시간을 더 할애 한다면
그 이상의 고수익도 가능하게 된답니다










40대주부알바
그간 몸으로 고생하고 
이력서 넣을곳
찾으며 좌절을 반복했지만
이제는 집에서 편하게 
수익을 내고 있어요

그간 포기하지 않고 달린 결과가
이제서야 빛을 바라는거 같아요

나가서 육체 노동으로 최저시급을 받거나
그보다 작게 받으면서도 해고가 두려워
말한마디 못했는데 이젠 자기개발에
시간과 열정을 쏟아 집에서 고수익
창출까지 가능하게 됐답니다




단순한 글쓰기 
하나를 하더라고 그냥
하는것이 아닌 
로직에 맞는 체계적인 글쓰기를
가르치는 실무교육 
딱 제가 원하던 회사에요

초보가 일을 해보고 싶지만 
이런걸 모른다면과연 될까요?

그리고 
하모니그룹은 모든 관리가 
본사 다이렉트 케어랍니다
회원들의 
교육,관리,저수익자배려,보장수익은
전원수익 창출을 만들게 되고
정말이지 이렇게 
막 퍼주고 남는게 있을까?
하는 생각이 들어요

인프라가 필요한 지원들은
아낌없이 지원하며 
실시간 1:1피드백을 받아가며
일을하게 되니 일에있어 어려움도 없고
전문마케터로 성장이 가능해
홀로서기까지 가능하게 
만들어 주고 있어요





돈을 벌려고 
재택근무,알바를 알아보는데
돈을 내라니 이해가 안됐던 때도있었어요
그간 날린 초기비용 만해도 
엄청났던 저였으니까요

그랬던 제가 
하모니그룹으로 40대주부알바를
해보겠다고 결정을 했을때는
많이 달랐어요
정말 절실했거든요

전문강사 강의 하나에 
몇백 우습게 들어가는데
하모니그룹은 실무에 
유용한 고급정보를 제공하고 
더 나아가 실시간 완벽한1:1 피드백과
지원을 아낌없이 해주니 더 망설일
이유가 없었어요

제 생각을 틀리지 않았고
현재 직장인 월급을 벌게 되고 
지원,배려 아낌없이 받고 있네요








▲▲▲▲▲

저처럼 집에서 
마케팅의 정석을 배우고
실무에 뛰어들어 
수익창출을 하고 싶다면
하모니그룹이 답이에요.
꼭 합리적이고 탄탄한 회사에서
시간을 투자하시면 
빛이 보입니다 


모든 소통은 진심을 다해 하고 있으니
더 궁금하신건 인프라 미르에게 
톡,유선 언제든 문의 주세요",부업,2018.05.29. 00:45,조회 16,,,naver_cafe,20340660,실패,https://cafe.naver.com/f-e/cafes/20340660/articles/554994?boardtype=L&referrerAllArticles=true&inCafeSearch=true&query=%EC%8B%A4%ED%8C%A8&art=aW50ZXJuYWwtY2FmZS1hcnRpY2xlLXJlYWQtaW5DYWZlLXNlYXJjaC1saXN0.eyJ0eXAiOiJKV1QiLCJhbGciOiJIUzI1NiJ9.eyJjYWZlVHlwZSI6IkNBRkVfSUQiLCJhcnRpY2xlSWQiOjU1NDk5NCwiaXNzdWVkQXQiOjE3NzUwMzgzODU5NzEsImNhZmVJZCI6MjAzNDA2NjB9.xVZLAazbGIwGr_PRTa6a3mLfkdNHW0VDBrZ1_NYQ9EA&page=5,0,1,0,0,0,0,0
내가 겪은 재택부업의 눈물나는 실패와 후기,"생활비좀 벌고자 재택부업 시작했는데 힘들했어요. 
현실의 벽은 참 높더라구요.
결국은 실패했죠.
잠시 좌절해 있을때 의류쇼핑몰부업을 알게 됐어요
거기서 뭔가 희망이 보였고 좀 더 미래가 보여서 다시 도전했답니다.
무엇보다 무슨일하는지 주위에 떳떳하게 말하고 싶었거든요.
전에는 차마 말하기가 부끄러웠는데
이제는 의류쇼핑몰 운영한다고 말할 수 있는것 만으로도 좋았어요.

한번의 실패때문에 정말 열심히 매달렸고 조금씩 희망이 보였어요.
반응이 없어도 그저 열심히 하다보니 손님도 조금씩 늘었고
쇼핑몰 운영 문의도 들어오기 시작했어요.
제가 실패하고 도전하면서 느낀점은 아마 다들 공감하셨을 거에요.
가장 중요한건 의지에요.
꿈과 희망을 확고하게 가지고 최선을 다한다면 언젠가는 해낼수 있어요.
저도 아직 갈길이 멀다고 생각해요.
다들 정말 최선을 다했는지 한번 생각해보세요.  

오늘도 모두 화이팅입니다~!!^^
궁금하신점 문의주세요(카톡: @뽀대옷짱)",부업,2017.05.26. 12:16,조회 43,,,naver_cafe,20340660,실패,https://cafe.naver.com/f-e/cafes/20340660/articles/484116?boardtype=L&referrerAllArticles=true&inCafeSearch=true&query=%EC%8B%A4%ED%8C%A8&art=aW50ZXJuYWwtY2FmZS1hcnRpY2xlLXJlYWQtaW5DYWZlLXNlYXJjaC1saXN0.eyJ0eXAiOiJKV1QiLCJhbGciOiJIUzI1NiJ9.eyJjYWZlVHlwZSI6IkNBRkVfSUQiLCJhcnRpY2xlSWQiOjQ4NDExNiwiaXNzdWVkQXQiOjE3NzUwMzgzODg4NTksImNhZmVJZCI6MjAzNDA2NjB9.VnUDjdTLHt5I71ZIOyC3vjew3y5Ydv37qkNZAMhlpAw&page=6,0,1,0,0,0,0,0
실패없는부업거리~~~~,"안녕하세요


인터넷 의류 쇼핑몰에서
함께하실 스텝분 모셔요^^~


핸드폰으로 사진 업로드하는
단순한 일이라서 초보분들도 가능하구요

수당은 당일입금  해드리고 있구~
본사에서 일대일로
 
교육해드리고 있으니까
언제든 편하게 문의하세요^^


집에서 간편하게 하실수있어요
아이키우며 틈틈히 할수있으시고 학교나 직장다니면서
시간될때만 핸드폰으로 쓱 복사만 하시면되요

카톡 nana9052




출산 산모 고운맘카드 보건소 분유 베페 베이비페어 헬로우드림 드림큐 주문 다방 알바몬
알바천국 단기알바 알바구직 대선토론 지역카페 카페 맘카페 다단계 돈버는앱 시급 주말 알바 위비톡 아이사랑카드 아기자전거 전동차 미용실 경매 마더스다이어리 어린이집 직장인투잡 직장인
부업하실분 키즈카페 젖병 밥통 상품권 드론 스토케 맛집 파산 여행 괌 발리 불고기버거 헬드
조리원 디자인붐 정클 리플짱 심플투잡 건치미인 공예 꽃집 옷가게 산부인과 나들이 청소
카시트 아이옷 유아 어플 개인회생 인트로덤 아기성별 생리대 창업 백종원레시피 사이판",부업,2017.05.04. 10:59,조회 8,,,naver_cafe,20340660,실패,https://cafe.naver.com/f-e/cafes/20340660/articles/479786?boardtype=L&referrerAllArticles=true&inCafeSearch=true&query=%EC%8B%A4%ED%8C%A8&art=aW50ZXJuYWwtY2FmZS1hcnRpY2xlLXJlYWQtaW5DYWZlLXNlYXJjaC1saXN0.eyJ0eXAiOiJKV1QiLCJhbGciOiJIUzI1NiJ9.eyJjYWZlVHlwZSI6IkNBRkVfSUQiLCJhcnRpY2xlSWQiOjQ3OTc4NiwiaXNzdWVkQXQiOjE3NzUwMzgzODg4NTksImNhZmVJZCI6MjAzNDA2NjB9.n4u3EpqNK8PCSvK2FQbiTEGuU6WLqPPVn9yyFeUA5j8&page=6,0,1,0,0,0,0,0
헬로우드림 실패에서 성공★,"헬로우드림 실패에서 성공★

안녕하세요~~!! 현재 두아이의 주부인 헬로우드림 이라고 해요! 반갑습니다~
어제만 해도 꽃샘추위의 막바지라서 추위가 엄청났는데
오늘은 어제랑 차원이 다르게 따뜻한게 나들이 가기 좋은 날씨에요.
이렇게 맑은 날씨에 누워서 하늘을 보니 스트레스가 날아가는 거 같으면서
기분이 좋아지네요. 이런 기분과 맑은 기운을 이어받아서
오늘도 저는 열심히 이야기를 해보겠습니당~*^^*
부업을 찾는 분들에게는 도움이 될수 있는 솔직하고 정직한 후기를
이야기할텐데요. 한번 읽어봐주세용~~
 

몇년 전, 육아를 병행하면서 할수 있는게 어떤게 있을까 고민을하다가
찾아보기로 결심을 했어요. 그래서 인터넷으로 알아보고 전화도 해보고
지인을 통해서 알아보기도 했어요. 그러던 중 헬로우드림을 만났죠.

푼돈벌이도 좋으니 작은 여유라도 생겼으면 좋겠다는 심정으로 첫발을 내딛었는데..
이게 제 인생에 있어 헬로우드림 이렇게 큰일이 될 줄은 저도 몰랐어요 ~ㅎㅎ
15년을 마무리 하면서 억대가 넘는 수.익을 올리며, 두 아이를
키우는 주부도 이렇게 해낼수 있다라는 걸 증명해 보일수가 있었어요!!
 

 

작년에 제가 헬로우드림에서 지급받은 실제에요~
단순한 숫자가 아닌 제 노력을 증명해주는 결과랍니다^^
누구의 도움도 없이 혼자 스스로의 힘으로 힘들다는 시절 다보내오면서
이뤄온 결과다보니 그때도 눈물이 났지만 다시봐도 눈물이 나네요 ~ㅜㅜ
두아이를 키우는 엄마였던 제가, 지금은 이렇게 능력있는 엄마로
성장했다는게 그냥 너무너무 좋고... 또 좋았어요.
 

 

헬로우드림을 시작하면서 뭐든 처음 시작이 어려운것일뿐
조금씩 차근차근 시작을 해보면 괜찮을꺼라고 혼자 최면도 걸어보고
다짐 또 다짐하면서 열심히 일해보았지만 좀처럼 헬로우드림
결과는 나아지지 않더라고요ㅜㅜ

정말 포기를 할까 생각도 했지만 이게 마지막 끈이라고 생각을 했기에
포기할수 없었어요. 시행착오를 겪으면서 얻게되는건 많았고, 그로인해 노하우도
 점점 많아지면서 저는 도
넘어 성공을 크게 외칠수 있게 되었어요!!!
 

 

 

없어도 혼자 독학하면 할수 있어요~! 저 역시 이런 케이스니깐요!
그렇치만 노하우를 습득하기까지 분명 많은 시간을 투.자해야 할거고요..
지치다보면 포기도 빨리질수 있답니다 ㅠㅠ

모든사람들이 돈벌자고 투.자해서 헬로우드림을 시작하는건데, 을 통해
성공을 향한 시간을 단축시킬수 있다면 정말 좋은게 아닐까요??^^
그런시간이 찾아올수 있도록 제가 정직하게 헬로우드림 도움드리니 도움받으세요~~!!
 

 

헬로우드림 방법을 아느냐 또는 모르느야에 따른 차이는 정말 큽니다.
하루종일 앉아서 집중해도 한두건 조차 버겁게 느꼈던 저였지만..
노하우를 알고 요령을 알고 방법을 아는상태에서 진행을 하니까
이렇게 결과가 달라지더라고요!! 

여러분들 또한 제가 하라는대로 해주신다면, 문제 없으세요 *^^*
저를 통해 헬로우드림 첫 걸음을 해주시는 분들께 제가 사용중인 노하우를
투명하게 공유하고, 도움을 드리고 있는 만큼 용기만 들고오시면 됩니다.
 

저도 여러분들과 마찬가지로 같은 자리에서 처음부터 시작을 했기 때문에
걱정하는 여러분의 마음을 잘 알고 있어요..ㅠㅠ
아무것도 모르는 하얀 종이로 시작했던 저도 헬로우드림 T.O.P 명단에 이름을 올린만큼
예전의 저럼 하나도 모르는 분들이라도 해낼수 있어 겁먹지 마세요~!!
하실수 있고 해낼수 있도로고 열심히 헬로우드림 도와드릴께요 *^^*

저와 인연을 맺은 후배님 한분 한분 소중하게 생각하고 있고요~
저를 믿어주셨기때문에 그 믿음에 보답하듯 저도 행동으로 옮기고 있으니
언제든 헬로우드림 도움받으며 수워하하게 시작하실 바랄께요 ♥",부업,2016.03.15. 13:52,조회 11,,,naver_cafe,20340660,실패,https://cafe.naver.com/f-e/cafes/20340660/articles/401465?boardtype=L&referrerAllArticles=true&inCafeSearch=true&query=%EC%8B%A4%ED%8C%A8&art=aW50ZXJuYWwtY2FmZS1hcnRpY2xlLXJlYWQtaW5DYWZlLXNlYXJjaC1saXN0.eyJ0eXAiOiJKV1QiLCJhbGciOiJIUzI1NiJ9.eyJjYWZlVHlwZSI6IkNBRkVfSUQiLCJhcnRpY2xlSWQiOjQwMTQ2NSwiaXNzdWVkQXQiOjE3NzUwMzgzOTE2MjcsImNhZmVJZCI6MjAzNDA2NjB9.ajKPD2olbL9UT6wGNuPfVYO1FY0NpbvdATib78WZx0A&page=7,0,1,0,0,0,0,0
실패를 두려워하지 마라,"실패를 두려워하지 마라

당신은 지금까지 수없이 실패해 왔다

당신이 그것을 기억하지 못할지라고

당신은 걸음마를 배울 때 수없이 넘어졌다

처음으로 수영을 배울 때는 물을 너무 많이 먹어 익사할 뻔 한 적도 있었다

처음으로 야구 방망이를 휘둘렀을 때 공을 맞힐 수나 있었는가?

홈런을 가장 많이 친 사람들은 삼진 아웃을 가장 많이 당한 사람들이기도 하다

미국 최대의 쇼핑 센터 체인점 사장 R.H.메이시는 뉴욕에서 가게가

성공할 떄까지 일곱 번이나 실패헸다

영국 소설가 존 크리시는 753번이나 출판 거절을 당한 꿑에 564권의 책을

출간했다

야구왕 베이브 루스는 삼진 아웃을 1,330번이나 당했지만

또한 714개의 홈런을 쳤다

실패를 두려워하지 마라

시도해 보지도 않고 기회를 놓쳐 버리는 걸 두려워하라

-미국 유나이트 테크롤로지 회사가
(워 스트리트 저널)지에 발표한 메세지-",부업,2015.12.22. 22:59,조회 10,,,naver_cafe,20340660,실패,https://cafe.naver.com/f-e/cafes/20340660/articles/381739?boardtype=L&referrerAllArticles=true&inCafeSearch=true&query=%EC%8B%A4%ED%8C%A8&art=aW50ZXJuYWwtY2FmZS1hcnRpY2xlLXJlYWQtaW5DYWZlLXNlYXJjaC1saXN0.eyJ0eXAiOiJKV1QiLCJhbGciOiJIUzI1NiJ9.eyJjYWZlVHlwZSI6IkNBRkVfSUQiLCJhcnRpY2xlSWQiOjM4MTczOSwiaXNzdWVkQXQiOjE3NzUwMzgzOTE2MjcsImNhZmVJZCI6MjAzNDA2NjB9.JOiQn8zPLCuWPSo5jP3i6FzH0Z6mKTxaJBlOa3hpDWY&page=7,0,1,0,0,0,0,0
자택알바 집에서 할 수 있는 부업 실패하지 않으려면?,"자택알바 집에서 할 수 있는 부업 실패하지 않으려면?


 
안녕하세요 라뽐므에요
라뽐므가 자택부업을 시작하게 된 계기는 직장인들의 연말 정산 파동때문이었어요
연말정산이 더는 13월의 월급이 아니라고 난리더라구요
라뽐므는 대학을 졸업하고 직장에 들어가면 더는 걱정할 게 없을 줄 알았어요
라뽐므같은 대학생들에게는 취업이 최대의 고민이자 고난이니까요
그런데 직장인들도 고민을 하면서 이직을 하고, 또 본업 외에 따로 부업을 하게 된다고 하더라구요
그만큼 경제가 어려워서 자택부업을 시작하는 거겠죠


 

직장인들이 자택부업을 하는 가장 큰 이유는 생활비 부족이래요
이제 월급봉투만으로 생활비 걱정 안 해도 되는 시대는 끝났나봐요

직장에 들어가도 영원한 해피엔딩이 아니라면 남들보다 미리 준비하자!

라뽐므가 자택부업을 시작하게 된 이유에요
취업도 잘하려면 대학교 1학년 때부터 놀지 말고 스펙쌓기를 해야한다고 하잖아요
뭐든지 남들보다 먼저 시작해야 성공할 수 있어요
자택 부업도 마찬가지에요




라뽐므는 평생 함께할 자택부업으로 뱅크몬을 선택했어요
뱅크몬은 현재 극초기 부업이기 때문에 하는 사람이 많지 않아요
뱅크몬 같은 자택부업은 남들보다 먼저 시작해야 성공할 가능성이 높아요
재택부업 고수들은 극초기부업이라고 하면 남들보다 먼저 달려든다고 해요
라뽐므도 주변에 자택부업 좀 해보셨다는 분의 조언을 얻어서 뱅크몬을 시작하게 됐어요




뱅크몬을 빨리 시작해야하는 이유!
아까도 말했듯 극초기 부업이라서 현재 초기 비용 할인 이벤트를 진행하고 있어요
자택 부업을 시작할 때 가장 많이 고민하는 부분이 초기비용이잖아요
어차피 재택부업을 할 거라면 초기비용을 할인 받는 게 이득이겠죠?!
다음주 목요일 3월 12일까지만 할인을 하고 있다고 하니 지금 달려가야해요




라뽐므가 뱅크몬을 평생 함께 할 자택부업으로 선택할 때 가장 큰 영향을 준 건 미실적 지원금이에요
자택부업을 한다고 해서 처음부터 큰 수익을 기대하긴 어려워요
뭐든지 처음에는 배우는 단계가 필요한 법이잖아요
그렇다고 이 기간동안 수익이 하나도 없다면 동기 부여도 안 되고 돈 낭비한 기분만 들어요
뱅크몬에서는 실적이 발생하지 않아도 꼼꼼히 미실적 지원금을 챙겨줘요
출석체크만 열심히 하고, 커뮤니티에 글만 열심히 써도 한 달에 12만원!
한 달에 12만원이라도 1년이면 와우~. 적지 않은 돈이 손에 들어오는 셈이에요




자택부업도 차근차근 하나씩 해나가는 게 중요해요
꾸준히 성실히 하다보면 어느새 수익을 얻을 수 있어요
라뽐므랑 같이 재택부업 뱅크몬 하면서 한 단계 한 단계 같이 올라가보도록 해요
쪽지로 문의 주시면 친절하게 다 알려드려요ㅎㅎㅎㅎ",부업,2015.03.04. 13:50,조회 4,12만원,12일,naver_cafe,20340660,실패,https://cafe.naver.com/f-e/cafes/20340660/articles/332422?boardtype=L&referrerAllArticles=true&inCafeSearch=true&query=%EC%8B%A4%ED%8C%A8&art=aW50ZXJuYWwtY2FmZS1hcnRpY2xlLXJlYWQtaW5DYWZlLXNlYXJjaC1saXN0.eyJ0eXAiOiJKV1QiLCJhbGciOiJIUzI1NiJ9.eyJjYWZlVHlwZSI6IkNBRkVfSUQiLCJhcnRpY2xlSWQiOjMzMjQyMiwiaXNzdWVkQXQiOjE3NzUwMzgzOTE2MjcsImNhZmVJZCI6MjAzNDA2NjB9.a1W00Ck1gvpcFSUp4Vowc9QI9Ovx5vYynHRX5itAntI&page=7,0,1,0,0,0,1,1
아파트공부방 브랜드도 잘 골라야 실패하지 않는답니다 ^^,"요즘에 아파트공부방 창업을 많이들 하시네요^^
제 주위에도 두 분이나 공부방 창업을 하시려고 지금 준비하고 계신데요.
제가 지금 운영하고 있는 퍼스트클래스 공부방이 잘 되다 보니
나름 조언 같은 것들도 해드리고 그런답니다 ㅎㅎ
 그런데 이렇게 아파트공부방 창업을 준비하실 때
브랜드를 아무렇게나 선택하시는 분들이 계시더라구요.
처음에는 ‘내 실력으로 공부방 운영을 해나가면 된다’ 라는 생각이 들지는 모르지만..
만약 시간이 지나도 회원이 모이질 않으면 정말 좌절하게 되거든요..
 엄마들은 아이를 공부방에 보낼 때
공부방 브랜드 인지도에 대해서 많이 생각을 하시기 때문에..
제가 운영하고 있는 퍼스트클래스 공부방은 이점이 많이 있죠 ^^
 퍼스트클래스는 눈높이 학습지로 유명한 대교에서 운영하기 때문에
일단 학부모님들께 신뢰를 드리는 데 있어서 다른 공부방 브랜드보다 뛰어나답니다.
그리고 공부방을 운영할 때도 본사에서 공부방 홍보는 물론이고,
마케팅적인 부분을 포함해 다방면으로 지원을 해주기 때문에
혼자서 어떻게 해야 하나 쩔쩔매지 않아도 되죠..^^
 그래서 퍼스트클래스 사업설명회를 다녀오신 분들은
다른 공부방 브랜드보다 혜택이 훨씬 많은 것 같다고 놀리시기도 하시답니다 ㅎㅎ
 혹시 지금 아파트공부방 창업을 준비하고 계시다면
공부방 브랜드는 꼼꼼하게 비교해보시고 선택하시길 바랄게요..^^",부업,2013.11.05. 14:40,조회 55,,,naver_cafe,20340660,실패,https://cafe.naver.com/f-e/cafes/20340660/articles/242007?boardtype=L&referrerAllArticles=true&inCafeSearch=true&query=%EC%8B%A4%ED%8C%A8&art=aW50ZXJuYWwtY2FmZS1hcnRpY2xlLXJlYWQtaW5DYWZlLXNlYXJjaC1saXN0.eyJ0eXAiOiJKV1QiLCJhbGciOiJIUzI1NiJ9.eyJjYWZlVHlwZSI6IkNBRkVfSUQiLCJhcnRpY2xlSWQiOjI0MjAwNywiaXNzdWVkQXQiOjE3NzUwMzgzOTQwMDIsImNhZmVJZCI6MjAzNDA2NjB9.fUUlnwxRULMbBtZPwMuU88FmCt6dtFzsqWzEBZA9w1w&page=8,0,1,0,0,0,0,0
퍼스트드림에서 실패란 없다!,"퍼스트드림 에니온 재택근무사 인사드려요~^^
 퍼스트드림 재택알바를 해야할지 말아야 할지 고민하시는 분들이 많으시던데요.
 아마 고민하시는 분들중에는 내가 과연 실적이 날까?
 퍼스트드림 다단계 아니야?
 퍼스트드림 휴대폰 개통받아서 실적도 없이 내 돈만 나가는거 아니야?
 뭐... 이런 생각들을 많이 하시리라 생각됩니다.
  퍼스트드림 재택근무사가 되기 위해서 휴대폰을 개통해야는게 의무적인 사항은 아닙니다.
 원래 사업이란게 그렇잖아요?
 내가 돈을 벌기 위해 사업을 시작할려면 여러가지 투자비용이 들어가기 마련입니다.
 하지만 그 투자비용을 내고 사업을 했지만 100% 이득을 본다는 보장이
 이 세상에 어디있겠어요?
 퍼스트드림 재택알바 또한 마찬가지 입니다.
 초기비용이 60만원 들어가게 되는데요. 바로 이 비용에 대한 부담을 없애기 위해서
 휴대폰을 지원해주고 개통하게 되면 회사에서는 통신사로 부터 회선유치수당을 받아
 회사를 운영하게 되며,
 여러분들 또한 매월 회사에서 주는 휴대폰지원금으로 휴대폰 비용을 내면 됩니다.
   퍼스트드림, 왜 모두 긍정적인 방향으로 생각을 안하고
 내가 이거 해서 돈 벌 수 있을까? 못 하면 어쩌지? 라고만 생각을 할까요?
 모든 일에는 성공과 실패가 있습니다.
 내 인생에서 뭘 할려는데 돈 60만원이 아깝습니까?
 참고로 60만원 돈으로 내실 분들은 카드로 할부결제도 가능하니 알고 계시구요.
  저의 2012년 10월 퍼스트드림 실적 입니다.
 총 11건의 실적을 올렸구요. 보너스까지 총 340만원을 받게 되었답니다.
 그중 100만원은 급히 쓸 때가 있어 26일까지 기다리지 않고 미리 가불신청해서
 11월1일에 받았습니다.
 아직 실제통장은 정리를 하지 않았고 26일에 나머지 월급 240만원을 받아야 하기 때문에
 혹시라도 실제 통장을 보길 원하시면 공개해 드리겠습니다.
      -퍼스트드림 에니온-

 퍼스트드림을 해서 손해봤다, 돈 못벌었다고 하신 분들 간혹 계시던데요.
 과연 저만큼 꾸준히, 성실히, 열심히, 매일같이 한결같은 마음으로 홍보활동을 하셨는지
 의문스러울 뿐입니다.",부업,2012.11.23. 10:35,조회 6,"60만원, 240만원, 340만원, 100만원","26일, 1일",naver_cafe,20340660,실패,https://cafe.naver.com/f-e/cafes/20340660/articles/160707?boardtype=L&referrerAllArticles=true&inCafeSearch=true&query=%EC%8B%A4%ED%8C%A8&art=aW50ZXJuYWwtY2FmZS1hcnRpY2xlLXJlYWQtaW5DYWZlLXNlYXJjaC1saXN0.eyJ0eXAiOiJKV1QiLCJhbGciOiJIUzI1NiJ9.eyJjYWZlVHlwZSI6IkNBRkVfSUQiLCJhcnRpY2xlSWQiOjE2MDcwNywiaXNzdWVkQXQiOjE3NzUwMzgzOTQwMDIsImNhZmVJZCI6MjAzNDA2NjB9.EDGf9fmXDBWG3XA-xiPqeznMXdbo-YEMmY-z3uM4qtA&page=8,0,1,0,0,0,1,1
부업.투잡 기회를 놓치면 후회할수 있다!!!,"요즘 코로나 바이러스의 영향으로
경제 환경이나 일하는 방식이
많이 격변해 있습니다.
따라서 부업을 시작하는 사람이나
부업에 관심을 가지는 사람이 증가하고 있습니다.
어떤 부업을 할지 몰라서 고민하지 마시고
교원 리치패밀리로 오세요♡♡
육아맘.워킹맘.주부.직장인.사장님.
모두 가능한 교원 리치패밀리!!
부업을 넘어서 본업만큼 수익을 볼수 있는
온라인 네트워크 마케팅!!
요즘처럼 비대면 시대에 맞는 온라인 사업!!
하루 한시간 투자!!
대기업 플랫폼으로
재태크 하면서 연금소득 만들기!!
핸드폰만 있으면 어디든 OK!!
확실한 시스템으로
혼자가 아닌 팀으로 같이 하는 사업!!
300만원 상당의 마케팅 기법 무료교육!!
걱정없고 부담없는 초기비용!!
잘때도 돈이 들어오는 차별화된 시스템!!",부업,2022.07.28. 21:48,조회 13,300만원,,naver_cafe,20340660,후회,https://cafe.naver.com/f-e/cafes/20340660/articles/811849?boardtype=L&referrerAllArticles=true&inCafeSearch=true&query=%ED%9B%84%ED%9A%8C&art=aW50ZXJuYWwtY2FmZS1hcnRpY2xlLXJlYWQtaW5DYWZlLXNlYXJjaC1saXN0.eyJ0eXAiOiJKV1QiLCJhbGciOiJIUzI1NiJ9.eyJjYWZlVHlwZSI6IkNBRkVfSUQiLCJhcnRpY2xlSWQiOjgxMTg0OSwiaXNzdWVkQXQiOjE3NzUwMzg0Mjk1ODAsImNhZmVJZCI6MjAzNDA2NjB9.mR2A7It5C0ZpsYehglAF0RpLHOGTTnTSdOH_TjppKHY&page=2,0,1,0,0,0,1,0
안보면 후회합니다. 제대로 돈 벌어보고 싶은분은 꼭보세요.,"요즘은 본업이 너무 바쁘지만
투잡, 부업을 안할수는 없잖아요
그래서 투잡, 부업은 시간 많이 투자 안해도
되는 거로 시작했어요.
리치패밀리는
진짜 하루 1시간으로 할 수 있어요.
리치패밀리는?
1 시간과 장소에 구애받지 않는다.
2 스마폰만으로도 가능하다.
3 대기업에서 진행하는 극초기 합법적사업.
4 한시간 집중투자로 따라할수있는
6 온라인 무료 교육
7 혼자아닌 팀으로 팀원들의 도움으로 부담 없어요
진짜 하루 1시간 재택부업 하실분
설문 남겨 주시면 톡 드릴게요.",부업,2021.10.06. 14:18,조회 7,,"하루 1시간, 1시간, 1 시간",naver_cafe,20340660,후회,https://cafe.naver.com/f-e/cafes/20340660/articles/772955?boardtype=L&referrerAllArticles=true&inCafeSearch=true&query=%ED%9B%84%ED%9A%8C&art=aW50ZXJuYWwtY2FmZS1hcnRpY2xlLXJlYWQtaW5DYWZlLXNlYXJjaC1saXN0.eyJ0eXAiOiJKV1QiLCJhbGciOiJIUzI1NiJ9.eyJjYWZlVHlwZSI6IkNBRkVfSUQiLCJhcnRpY2xlSWQiOjc3Mjk1NSwiaXNzdWVkQXQiOjE3NzUwMzg0MzIyMDUsImNhZmVJZCI6MjAzNDA2NjB9.3KD26cDMkPolDEABSgclZB6G7jS4svTUpQiVmpTxRwY&page=3,0,1,0,0,0,0,1
함께 성공하실분? 이거 놓치면 후회해요,"육아하면서 부업, 재택부업을 찾다가
리치패밀리를 알게되었어요~
저는 재택부업 실패경험이있어서
일단 걱정부터 되더라구요ㅠ
하지만 리치패밀리는 달랐어요
나혼자 하는 사업이 아니라 팀비즈니스라고해서
정말 팀에서 다 도와주더라구요!!
팀에서 용기를 주셔서 지금까지 걱정되었던게 사라지고 자신감이 생겨서 재미있게 일을 하고있답니다~
또한 대기업에서 시작한 믿음직한 재택부업 리치패밀리에서 같이 시작해보아요~
하루에 딱 1시간정도 홍보하면되요
시간제한없이 언제 어디서든
핸드폰만있으면 가능하답니다~
저처럼 부업, 재택부업 알아보시는분들
리치패밀리 꼭 한번 알아보세요 놓치면 후회해요~
자세한 상담은 아래 설문을 남겨주세요^^",부업,2021.02.26. 10:44,조회 1,,1시간,naver_cafe,20340660,후회,https://cafe.naver.com/f-e/cafes/20340660/articles/740840?boardtype=L&referrerAllArticles=true&inCafeSearch=true&query=%ED%9B%84%ED%9A%8C&art=aW50ZXJuYWwtY2FmZS1hcnRpY2xlLXJlYWQtaW5DYWZlLXNlYXJjaC1saXN0.eyJ0eXAiOiJKV1QiLCJhbGciOiJIUzI1NiJ9.eyJjYWZlVHlwZSI6IkNBRkVfSUQiLCJhcnRpY2xlSWQiOjc0MDg0MCwiaXNzdWVkQXQiOjE3NzUwMzg0MzUxNzMsImNhZmVJZCI6MjAzNDA2NjB9.jwEr6O4_c0RRcYV0YaS8PCj334fW5mfCiv3O_I-MCXI&page=4,0,1,0,0,0,0,1
코로나때문에 시작한건데 후회안해요,"코로나로 인해서 남편 월급이 점점 줄어줄다보니까
경제적으로 정말 어려워지더라구요
아이들이 있다보니 어디밖에나가서 일하려해도
코로나로 학교도 매번 못나가게 되는 상황이 자주와서
녹록지 않더라구요
정말 고심끝에 밤잠 설쳐가며 검색해보고 후기도읽어보며 한달을 넘게 괜찮은 부업거리가 없나
찾아본거같애요
오래전 재택부업의 실패로 다시는 재택부업은 거뜰떠보지도 않겠다구 다짐했는데 생활에 막연한 어려움이 생기니
이번이 마지막이란 각오로 시작했는데요
전에했던 부업이 십원짜리하나 벌지못해서 재택부업은
상위 몇프로만 돈벌어가는줄 알았거든요
근데 제가선택한 부업은 모집스트레스없이
업체에서주는 원고와 이미지만 조금 수정해서
올리면 되서 초보인 저도 하루만에 수익이나더라구요
주말엔 애들 하고 여행두가고 그래서 평일에만 했는데
집안일하면서 남는시간에 여유롭게해도 만원은 버네요
한달주말빼고 타자만치고 이십정도벌었고요 부수익도 있어서
조금더 플러스됐어요
어제 출금해서 아이들반찬값에 보탰네요적은돈이라도 내가일할수 있음에
큰행복을 느끼며 살고있어요..
여러분들도 힘내세요 노력하는자에겐 복이옵니다!!",부업,2020.11.07. 04:16,조회 11,,,naver_cafe,20340660,후회,https://cafe.naver.com/f-e/cafes/20340660/articles/724012?boardtype=L&referrerAllArticles=true&inCafeSearch=true&query=%ED%9B%84%ED%9A%8C&art=aW50ZXJuYWwtY2FmZS1hcnRpY2xlLXJlYWQtaW5DYWZlLXNlYXJjaC1saXN0.eyJ0eXAiOiJKV1QiLCJhbGciOiJIUzI1NiJ9.eyJjYWZlVHlwZSI6IkNBRkVfSUQiLCJhcnRpY2xlSWQiOjcyNDAxMiwiaXNzdWVkQXQiOjE3NzUwMzg0Mzc1OTQsImNhZmVJZCI6MjAzNDA2NjB9.xFOd3XoTo94s21AjQu4EV2q5w2UGxKoZOLLILTeu_FY&page=5,0,1,0,0,0,0,0
보고나서 후회하지 않는 것,"1번만 해도 되고, 2번만 해도 되고, 3번만 해도 되고, 다 해도 되요~

1. 소비자 (생활제품 소비하면서 돈버는법)
✔️ 필요한 용품들을 저렴하게 구매가능해요 (가격 먼저 비교 해보세요^^)
✔️ 소비 마진(50%) 일부를 돌려 받을 수 있어요
✔️ 현재 54만여개의 제품 판매중, 올해까지 300만 제품 목표


2. 창업자 (개인사업자로 활동하는법)
✔️ 창업비 無 / 유지비 無 / 가입비 無 / 상품 무한제공 / 마진의 최대 90% 캐쉬백
✔️ 8가지 보상플랜이 제공되고 있어요
✔️ 직급 도달시 소비자가의 50% 구매도 가능해요 (시간문제이지 누구나 가능)
✔️ 가족에게 직급 물려주기도 가능


3. 판매자 (판매하는 제품 무료로 입점해서 파는법)
✔️ 가입비 無 / 입점비 無 / 수수료 無 / 가격&마진 내맘대로 / 47,000개 샵 동시 노출
✔️ 제품 판매영역의 한군데로 무료로 입점하셔서 판매가 가능해요


☞ 쇼핑몰(가기)

☞ 1:1문의(하기)",부업,2020.01.23. 18:00,조회 3,,,naver_cafe,20340660,후회,https://cafe.naver.com/f-e/cafes/20340660/articles/665695?boardtype=L&referrerAllArticles=true&inCafeSearch=true&query=%ED%9B%84%ED%9A%8C&art=aW50ZXJuYWwtY2FmZS1hcnRpY2xlLXJlYWQtaW5DYWZlLXNlYXJjaC1saXN0.eyJ0eXAiOiJKV1QiLCJhbGciOiJIUzI1NiJ9.eyJjYWZlVHlwZSI6IkNBRkVfSUQiLCJhcnRpY2xlSWQiOjY2NTY5NSwiaXNzdWVkQXQiOjE3NzUwMzg0NDY5NTcsImNhZmVJZCI6MjAzNDA2NjB9.F-fxBJwY4R2EHn4-Z4dh26z0TfBL9Wzx9eo1uJ8ST0I&page=8,0,1,0,0,0,0,0
치과 치료 한 방에 모아둔 돈 다 날리고 후회했네요.,"진짜 한방이더라고요. ㅎㅎ
현금에 여유가 있었던 적이 있어서
건조기 사는데 현금으로 150
아기 앨범 제작하는데 현금으로 120
와이프 치아 신경치료 하는데 현금 150

여유있던 현금 딱!
올인 하고 이제부터 한달에
2~30만원씩이라도 차곡차곡 모아보자
라고 생각하고 딱 이틀 지나서!!!

이가 아파서 치과에 갔더니
잇몸 염증으로 뿌리가 싹 녹았데요.
하하하하하

견적이 임플란트 2개 + 뼈이식
토탈 300....
현금 올인한 상태에서
300 내려니 진짜 1년동안 
가계가 안정이 안되더라고요.

문득 간간히 걸려오던
스팸 보험 전화가 떠오르더라고요. ㅎㅎ

아~ 하나라도 들어둘걸 이라고 말이죠.

그래서 추천합니다.

취준생, 직장인, 미혼, 기혼
가릴것 없이
조금 손해보는 저축 한다고 생각하고

치아보험 하나씩은 가지고 계세요.

살다보니 치과갈 일은 꼭 생기기 마련이더라고요.

젊을 때 안가도
5~60 넘으면 가게 됩니다. ㅠㅠ

저희 부모님 올해만 임플란트에
천만원 넘게 쓰셨어요.

치료만 1년 반을 하셨어요.

치아보험 꼭 하나 들고 가세요.

여기부터 광고 들어갑니다.




일단 어떤 보험이던지

가입할 때 가장 고민되는 것은

어느 보험사를 가입하느냐?인데요.

딱 정해진 것이 없다면?

여기저기 다 궁금하다면?

한 번에 비교할 수 있는 곳에서

상담을 받아보는게 가장 좋을 거예요.




일단 보험은 급여, 비급여 항목으로

나누어지는거 알고 계시나요?

저는 이번에 고생하고 나서야

이 내용을 알아들었습니다.




치과는 보험적용이 잘 안 되니까

개인이 부담해야 하는 부분이

상당히 높다는 점만 기억하세요.

그리고 보험적용이 안되는 치료도

상당히 많다는 것 알아야 하고요.

그래서 치아보험이 중요하고

하나쯤은 꼭 들고 있어야 하는것입니다.





분명히 지금 아프지 않아도

언젠가는 쓸모가 있을 치아보험

그렇다면 현 자신의 실정에서

무리가 되지 않으면서

만의 하나에 대비할 수 있는

나에게 맞는 보험을 찾는것이 가장 중요한데요.

솔직히 특정 회사 설계사한테

상담 받으면 다른 회사 흉보기만 하지

제대로 된 비교 안 해주잖아요?




여기 치아보험 비교전문센타에서

자신에게 딱 맞는

치아보험 꼭 찾아보세요.

치아보험 비교전문센타
남성 여성 개인정보 보호정책에 동의합니다. [ 전문보기 ]
postingkorea.com",부업,2019.09.25. 21:14,조회 16,30만원,,naver_cafe,20340660,후회,https://cafe.naver.com/f-e/cafes/20340660/articles/638269?boardtype=L&referrerAllArticles=true&inCafeSearch=true&query=%ED%9B%84%ED%9A%8C&art=aW50ZXJuYWwtY2FmZS1hcnRpY2xlLXJlYWQtaW5DYWZlLXNlYXJjaC1saXN0.eyJ0eXAiOiJKV1QiLCJhbGciOiJIUzI1NiJ9.eyJjYWZlVHlwZSI6IkNBRkVfSUQiLCJhcnRpY2xlSWQiOjYzODI2OSwiaXNzdWVkQXQiOjE3NzUwMzg0NDk2NDYsImNhZmVJZCI6MjAzNDA2NjB9.KmfpVkOe5DfejFCh_zNZDef_OxcqtN1sDxw3GRY6dr8&page=9,0,1,0,0,0,1,0
아이폰6플러스 중고가격 좋은곳에판매 후회없음!,"아이폰6플러스 중고가격 좋은곳에판매 후회없음!











제가쓰던 아이폰6플러스 중고가격
잘받고 판매했어요 ~~
이번에 아이폰x 256기가루 바꿨거든요 ㅎㅎ








제가 아이폰6플러스 중고가격 알아본곳은
폰데이카페인데요 !
매장돌아다니면서 안알아봐두 되겟드라구요
폰데이카페에 아이폰6플러스 중고가격 엄청자세하게
나와있답니다


아이폰6플러스 중고가격 확인하러가기





아이폰6플러스 중고가격 자세히나와잇어서
믿을만한 곳이구나 싶어 
매장방문해서 거래했어요 !








근데 알고봣더니 폰데이 수출증 법인증 통신판매증을보유한
법인회사더라구요 







물품검사할때도 제가 볼수있는곳에서 해주셨어요
물품검사후 그자리에서 현찰로주시니까 
만족도도 높았답니다







다른업체들보다 중간유통과정이 생략되어있어 
가격도 좋은 폰데이 ! 
폰데이에서 아이폰6플러스 중고가격도 편하게알아보구
믿을수있게판매해서 만족도 높았어요~




아이폰6플러스 중고가격 카카오톡 문의하기 












아이폰6플러스 중고가격 좋은곳에판매 후회없음!
재생
3
00:14",부업,2018.08.27. 14:58,조회 480,,,naver_cafe,20340660,후회,https://cafe.naver.com/f-e/cafes/20340660/articles/571429?boardtype=L&referrerAllArticles=true&inCafeSearch=true&query=%ED%9B%84%ED%9A%8C&art=aW50ZXJuYWwtY2FmZS1hcnRpY2xlLXJlYWQtaW5DYWZlLXNlYXJjaC1saXN0.eyJ0eXAiOiJKV1QiLCJhbGciOiJIUzI1NiJ9.eyJjYWZlVHlwZSI6IkNBRkVfSUQiLCJhcnRpY2xlSWQiOjU3MTQyOSwiaXNzdWVkQXQiOjE3NzUwMzg0NTQ4NTgsImNhZmVJZCI6MjAzNDA2NjB9.0rqpFQXD3HrAYc82qu8GsiRlzx5qjJGMP_2GvZXg9l4&page=11,0,1,0,0,0,0,0
온라인알바 제대로 알고 시작하셔야 후회없으시죠,"온라인알바 제대로 알고 시작하셔야 후회없으시죠



안녕하세요^^
성공의 길을 가고 있는 하모니그룹 ☆★ 미니스타 ★☆ 인사해요^^


정말 대한민국 같이 온라인이 이렇게
잘 발달된 곳이 또 있을까 싶을 정도로
우리 나라는 온라인 시장이 무척이나 활발한데요.


불과 10년 전만해도 스마트폰이 지금만큼 발달되지 않았잖아요
발달된 시장만큼 직업의 형태도 많이 바뀌어가고 있죠
특히나 이제는 집에서도 업무를 하면서
일을 하는 시대가 오고 있는데요


집에서 내 자유대로 할 수 있는 일만큼
할 수 있는 일이기에 특히나 주부들이나
직장인들 투잡으로도 많은 인기를 누리고 있죠



 
인기가 많은 만큼 당연히 잘 알아보고 하셔야 하는데요.
대부분
""그냥 무조건 많이 벌 수 있습니다"",""꾸준히 하시면됩니다""
이런 방법들을 전수받으면서 온라인알바를 시작합니다.
저도 그런 사람 중 일부였구요.


뭐 틀린 말은 아닙니다.
꾸준히라는 말은 상당히 중요하죠!
그런데 정말로 중요한건 제대로 된 방법을 가지고 꾸준히 하느냐
이게 가장 중요한 사실이라고 할 수 있겠는데요


온라인 알바를 제대로된 방법으로
꾸준히 할 수 있게 도움을 팍팍 줄 수 있는 회사가
드디어 수면위로 떠올랐답니다.


바로 ""하모니그룹"" 이죠



 
기업과 개인의 상생, 그리고 연결을 통한 아름다운 조합의
""하모니 그룹""
여태 있었던 다른 재택부업의 상식을
확연히 깨줄 시스템을 가지고 왔는데요


기존의 평생회원제가 아닌 6개월 간의 기간으로
재연장을 통한 가입의 지속인데요.


가입비는 495만원으로 비싸다고 생각될 수 있는데,
반대로 생각해보면 도대체 무슨 회사길래
가입비를 그렇게 받고 기간도 6개월 뿐이지?
하고 반대로 생각한다면,
그만큼 자신이 있기에 그런 시스템을 가지고
일반인에게 공개하지 않았나 하는 생각도 들어요.


사실 평생회원제라고 한다면 예를 들어서
이미 회원가입한 타회사의 인원이 10만이라 한다면,
이 10만이 한달에 1명씩만 한다하더라도 20만,
다음달엔 40만 이렇게 인원이 배로 늘어나는데
우리나라 인구가 5천만명임을 생각한다면
그것도 실질적으로 인터넷 이용자는 그에 반도 안될텐데
모든 가입자들이 다 그렇게 많이 모집을 할 수 있을까요?
이 구조는 결국에는 진짜 나중에 마지막으로
가입한 사람만 피해를 볼 수밖에 없는 구조이죠





 하모니 그룹은 이 현상을 깨기 위해
6개월 가입기간으로 정해 놓은거구요.
그리고 6개월 1600만이 안될시에는 전팀에서
인프라가 무조건 수익이 잘 날수 있도록 지원을 해주니
회원으로서 굳이 손해볼 이유도 없는거죠
1600만 이상이 되어야 기간이 종료되거든요^^
그렇다고 나는 진짜 가입만 해놓고 손만 빨고 있겠다
이런 심보는 안되는거 아시죠?
지원해주는 조건은 당연히 활동을 열심히 한다는
조건하에 가능하니까요^^


온라인알바를 처음부터 제대로 배워보고 싶으신 분들은
하모니그룹에서 제대로 배우시면
고기를 갖다주는 격이 아닌,
고기를 잡을 수 있는 방법을 제대로 배우실 수 있으시답니다.


게다가 6개월 1600만보장은 8월달까지만이라는거!!
꼭 기억하시고,
본사와의 상담도 연결 가능하니
궁금한거 있으시면 편하게 물어보세요",부업,2017.08.24. 22:27,조회 49,495만원,6개월,naver_cafe,20340660,후회,https://cafe.naver.com/f-e/cafes/20340660/articles/498230?boardtype=L&referrerAllArticles=true&inCafeSearch=true&query=%ED%9B%84%ED%9A%8C&art=aW50ZXJuYWwtY2FmZS1hcnRpY2xlLXJlYWQtaW5DYWZlLXNlYXJjaC1saXN0.eyJ0eXAiOiJKV1QiLCJhbGciOiJIUzI1NiJ9.eyJjYWZlVHlwZSI6IkNBRkVfSUQiLCJhcnRpY2xlSWQiOjQ5ODIzMCwiaXNzdWVkQXQiOjE3NzUwMzg0NTczNTksImNhZmVJZCI6MjAzNDA2NjB9.tXWdd1lUvspJ-YbewhwSQSwisxe7xlefX-ckYHX-xic&page=12,0,1,0,0,0,1,1
후회없는 선택 필레오 음식물 처리기!!,"﻿   ﻿ 필레오음식물처리기 렌탈~
 맛있게 먹고 남은 음식물들 -
어떻게 처리하고 있으신가요?

집안의 골칫거리인 음식물 썩는 냄새, 
종량제 도입으로 번거로워진 음식물 쓰레기 처리~
도대체 어떻게 처리를 해야 할지 고민되는 부분들이 많으실텐데요!
  그래서 차칸 글루미가 우리 주부님들에게 안성맞춤인
너무나 사랑스러운 
필레오 음식물처리기를 소개합니다~
전기료, 냄새 걱정 없는
가정용 음식물처리기 필레오와 함께 해 보는 건 어떨까요? ^_^
    한달 렌탈료 19,900원으로 3년 약정~ 4년되면 본인소유!!
홈쇼핑에서 큰 인기를 끌었던 상품이죠~
 환경인증마크도 여러개 있어요~
그만큼 가정에서 안전하게 사용할 수 있기에 더 인기죠^^
   이미 검증된 기술력은 물론~
최초로 환경인증 마크까지~
  전기요금도 완전 착해요!~
한달 맘껏 써도 3000천원 정도밖에는 안나온답니다~
이만하면 국가에서도 왜 품질인증 해주는지
감이 오시나요?
   필레오로 음식물쓰레기에서 해방되세요 ^^
 음식물쓰레기 냄새 벨 일도 없고
가격도 착하고 소음도 없고
공기도 좋고 집안 분위기도 한층 더 업그레이드 되겠지요?
 
  제유 코퍼레이션에서 한달에 19,900으로 
대여하오니 많은 문의 주세요

궁금하시면 댓글이나 카톡주세요
                                                                                             문의 주세용 ^^
다양한 혜택 약속드려요~^^
   카톡-karvien
 01038805293(문자)",부업,2015.03.10. 11:44,조회 12,"19,900원",,naver_cafe,20340660,후회,https://cafe.naver.com/f-e/cafes/20340660/articles/333521?boardtype=L&referrerAllArticles=true&inCafeSearch=true&query=%ED%9B%84%ED%9A%8C&art=aW50ZXJuYWwtY2FmZS1hcnRpY2xlLXJlYWQtaW5DYWZlLXNlYXJjaC1saXN0.eyJ0eXAiOiJKV1QiLCJhbGciOiJIUzI1NiJ9.eyJjYWZlVHlwZSI6IkNBRkVfSUQiLCJhcnRpY2xlSWQiOjMzMzUyMSwiaXNzdWVkQXQiOjE3NzUwMzg0NjIzMDIsImNhZmVJZCI6MjAzNDA2NjB9._-sVsRSM8xj_VPbNC-cRvleW_z2XmEL2igC0hsmfOBE&page=14,0,1,0,0,0,1,0
후회없는 비비리치 협동조합!!,"훗 ~ 비비리치 협동조합 수호마미가
비비리치의 매력에 푸~ 욱 빠졌네요 ㅋㅋ
 조합원으로 1구좌 가입시 94만원 배당금!!
6회에 나눠서 입금됩니다~
 극초기다 보니 홈피오픈전에도 벌써 가입자가 어마무시하게 많네요
 세제. 샴푸. 양털담요. 이동갈비 등 ㅋㅋ 조합에 알찬 물품을
구매하고 조합원으로 가입되면 배당금을 받을수 있는 대박플랜~
 조합도 살리고 경제도 살리고 ㅋㅋ 내 통장도 불리고~ 불리고~ ㅋ
 물품 배송도 빠르고~ ㅋ 겨울되니 담요도 사야겟어요 ㅎㅎ
1구좌당 94만원 배당! (6회 나눠서 배당)
 나홀로 재테크로 안성맞춤인 비비리치~
혼자해도 좋고~ 같이하면 더좋고 !!
 1명 소개시 1구좌 더 !! 즉 94만원 배당금을 6회에 나눠서 한번더 받을수 잇는거죠.
 자세한건~ 최강마마팀 수호마미에게 문의주세요^^
 카톡 krizla  연락처 : 010-8581-4811
(문의가 많아 전화통화가 어려울수 있으니 카톡남겨주세요~)",부업,2014.11.01. 13:03,조회 16,94만원,,naver_cafe,20340660,후회,https://cafe.naver.com/f-e/cafes/20340660/articles/310659?boardtype=L&referrerAllArticles=true&inCafeSearch=true&query=%ED%9B%84%ED%9A%8C&art=aW50ZXJuYWwtY2FmZS1hcnRpY2xlLXJlYWQtaW5DYWZlLXNlYXJjaC1saXN0.eyJ0eXAiOiJKV1QiLCJhbGciOiJIUzI1NiJ9.eyJjYWZlVHlwZSI6IkNBRkVfSUQiLCJhcnRpY2xlSWQiOjMxMDY1OSwiaXNzdWVkQXQiOjE3NzUwMzg0NjIzMDIsImNhZmVJZCI6MjAzNDA2NjB9.KWAebx_SL36gPFIalG_W4Y5_r-ZBveG8Mlbo-jZ7eAI&page=14,0,1,0,0,0,1,0
대학생분들 안보시면 정말 후회막심하실텐데요?,"카인드프라이스에서는 이처럼 여러분들에게 무수한 혜택을 드리기위해

홍보사원을 모집하고있다는점 ? 아시나요?^_^ ㅎㅎㅎㅎ

모르셨죠?ㅎㅎ 제가 설명을 해드릴께요 위에보시는바와같이 저희카인드프라이스 재택알바 회사에서는

이렇게 저처럼 홍보글을 올려주실 간단한 홍보글만 올리실분들을 찾고있답니다 ㅎㅎ

언제어디서든 하셔두되구요 ㅎㅎ 이렇게 만 20세만 넘으시면 누구나 하실수있다는점이있답니다 ^_^

투잡 부업으로도 많이들하세요 ㅎㅎ 왜냐하면 언제어디서든할수있고 

오늘무슨 문제가있다그럼 오늘은 하루쉬셔두 관계업슨ㄴ 그런 일이랍니다 ^_^

저희카인드프라이스 재택알바는 자기주도적알바로 내가하고싶을때일하는 그런일이랍니다 ^_^

얼마나 좋나요 ㅎㅎㅎ21세기에들어져서 정말 돈버는방법이 이렇게나도 가능하다니 정말 신기한데요 ㅎㅎ

저희카인드프라이스에 홍보사원이 되시려면 휴대폰 개통이 한대 필요하긴하나

저희카인드프라ㅣ으세엇는 이렇게 홍보지원금이라고하여 한달에 최대 30만원을지급해드린답니닿ㅎ

본인이 하루에 1~2시간만 하신다면 정말 한달에 30만원 그냥 챙겨가실수있다는것 ㅎㅎㅎ

정말 본인이 하기나름이랍니다

타사에서는 정말 홍보지원금이 비교도 안될만큼 작은데요 ㅠㅠ 밑에사진한번 살펴볼까요?ㅠㅠ








보이시나요 저희카인드프라이스에서는 이렇게 월 30인데에 비하여 타사에서는 월 3만원밖에 되지가않는

금액을 지원을 해주고있습니다....정말 말이안되죠 같은 회사인데 이렇게나 차이가나다니

이게바로 인지도 1위 과대광고의 실체라는것 ㅠㅠ

밑에보시면 저희카인드프라이스에 가입을하시면 이렇게 포스팅수당을 받으실수잇는데요

밑에보이시나요 수당이라고하여서 

이렇게나많은 수당을 오로지 단순하게 포스팅을 하는것만으로도 이렇게 돈을 벌어가실수가있다는점 ^^

잘참고해주세요 ㅎㅎ








너무너무 쉬운알바

쉽다고 하지만 컴퓨터를 하지못하신다구요?

ㅠㅠ

어떡하나 하지만 고민이 없다는점 저희카인드프라이스는 앞서말씀드린것처럼 의욕만 있으시면 누구나

그누구나 가능하시답니다

왜냐하면 회사에서 하나하나 다 가르쳐주기때문이죠

위에 보셨는지도 모르겟지만

회사홈페이지에가시면 이렇게 홍보노ㅎ우라든지 홍보팁 홍보 자료실이 있답니다

이곳에 들어가셔서 한번만 쭉 훑어보시면

어떻게하는지 상세히 하나하나 다나와있답니다 ^^

보고 따라하시면 되요 ㅎㅎ",부업,2013.07.12. 14:37,조회 3,"3만원, 30만원",2시간,naver_cafe,20340660,후회,https://cafe.naver.com/f-e/cafes/20340660/articles/220020?boardtype=L&referrerAllArticles=true&inCafeSearch=true&query=%ED%9B%84%ED%9A%8C&art=aW50ZXJuYWwtY2FmZS1hcnRpY2xlLXJlYWQtaW5DYWZlLXNlYXJjaC1saXN0.eyJ0eXAiOiJKV1QiLCJhbGciOiJIUzI1NiJ9.eyJjYWZlVHlwZSI6IkNBRkVfSUQiLCJhcnRpY2xlSWQiOjIyMDAyMCwiaXNzdWVkQXQiOjE3NzUwMzg0Njc1NjUsImNhZmVJZCI6MjAzNDA2NjB9.VP_FsokJAiOH7pByhSiGQpp95J8ftm8jCpvCPYIUlAw&page=16,0,1,0,0,0,1,1
후회없도록 적극적으로 도와드려요^^,"한없이 예쁜 우리아가~~
엄마들 해주고 싶은거 많으시죠???

요즘 육아비 장난아니라고 하잖아요~

하나부터 열까지 돈안드는게 없으니...

아이에게 해주고 싶은 맘은 굴뚝같은데 
생활비는 한정되있고!!!

엄마들~!!그러니까 재택알바 정말 기똥차다니깐요~!! 
생활의 여유를 갖을 수 있는 지름길이예요~!!!

mong이 블로그에 오셔서 더 자세한 정보 얻어가세요^^

여기 게시판에 퍼스트 드림에 대한 홍보가  정말 엄청나네요^^

그만큼 홍보할 만한 가치가 있고 그만큼 모두 
활발히 활동하고 있다는 거겠죠??",부업,2012.12.17. 22:11,조회 1,,,naver_cafe,20340660,후회,https://cafe.naver.com/f-e/cafes/20340660/articles/167789?boardtype=L&referrerAllArticles=true&inCafeSearch=true&query=%ED%9B%84%ED%9A%8C&art=aW50ZXJuYWwtY2FmZS1hcnRpY2xlLXJlYWQtaW5DYWZlLXNlYXJjaC1saXN0.eyJ0eXAiOiJKV1QiLCJhbGciOiJIUzI1NiJ9.eyJjYWZlVHlwZSI6IkNBRkVfSUQiLCJhcnRpY2xlSWQiOjE2Nzc4OSwiaXNzdWVkQXQiOjE3NzUwMzg0Njc1NjUsImNhZmVJZCI6MjAzNDA2NjB9.NYf89DOmz0H39jvOU2wdBzcbL7tdK6XtF1kbuZgHZPk&page=16,0,1,0,0,0,0,0
어린나이에 결혼해서 후회가 있었지만 창업으로 새 삶 살아볼까해요!,"제가 결혼을 급작스럽게 해서 직장에서 한 3개월? 일하고 그만뒀거든요ㅠ
아쉬움도 있었고 저도 젊었기에 미련이 많았는데..
그래도 아이를 키워야 하니 어쩔 수 없이 꿈을 포기할 수밖에 없었어요.
사실 제 꿈은 아이를 가르치는 선생님!이였거든요.
 그러다 요즘에 애낳고 우울증와서 계속 우울해있었더니
남편이 뭐라도 한번 해보라고 하더라구요.
 그래서 주부도할 수 있는 일들을 찾아보니까 다행히 요즘은
재택창업 아이템들이 굉장히 많더라구요.
그중에서도 선생님이 꿈이였던 저에게 가장 들어온 창업아이템은 공.부.방.
어떤분이 대교퍼스트클래스 창업하시고 후기 남겨놓으셨던데
일과 육아 병행할 수 있고 괜찮다고 하더라구요.
 저도 용기내어 다시 새 삶 한번 살아보고 싶은데 괜찮겠죠~?",부업,2012.09.12. 14:13,조회 28,,3개월,naver_cafe,20340660,후회,https://cafe.naver.com/f-e/cafes/20340660/articles/144382?boardtype=L&referrerAllArticles=true&inCafeSearch=true&query=%ED%9B%84%ED%9A%8C&art=aW50ZXJuYWwtY2FmZS1hcnRpY2xlLXJlYWQtaW5DYWZlLXNlYXJjaC1saXN0.eyJ0eXAiOiJKV1QiLCJhbGciOiJIUzI1NiJ9.eyJjYWZlVHlwZSI6IkNBRkVfSUQiLCJhcnRpY2xlSWQiOjE0NDM4MiwiaXNzdWVkQXQiOjE3NzUwMzg0NzAyNjIsImNhZmVJZCI6MjAzNDA2NjB9.QEnBxEWKmgjAT2KH0VVSqqpoIFQk8qJHx00n89oBHWo&page=17,0,1,0,0,0,0,1
돈되는 정보입니다...확인해두 후회하지 않을겁니다...^^,"햇빛이 넘 뜨겁네여...
 주말엔 그렇게 비가 오더니 오늘은 해가 넘 뜨거워서
 에어컨 앞을 떠날수가 없었어여..
 불쾌지수가 날로 높아지는데
 짜증만 내지말구 힘들내세여~~
    오늘은 스마트 러쉬 1등 딜러에 도전하는 얘길 해볼께여~~
       우선 스마트 러쉬는 어떤 회사인가??
  스마트 러쉬는 통신 3사와 합작으로 핸폰 개통 업무를 제휴한 회사 입니다.
 일반 매장과 같은 조건과 같은 기기를 가지고 일반인들에게
 핸폰 개통을 하는데 일반 매장과 다른점이 있습니다.
  일반 매장과 같은 조건이라면 굳이 스마트 러쉬에서
 핸폰 개통을 할 필요가 없겠져~~
 그럼 스마트 러쉬가 어떻게 다른지를 설명을 드리겠습니다.
        스마트 러쉬의 다른점은 일반 매장은 핸폰 개통 서비스 하나만 합니다.
 그것과 다르게 스마트 러쉬는 개통 서비스와 딜러라는
 또하나의 서비스를 제공합니다.
  그럼 딜러란 어떤 무엇인가부터 알고 있어야겠져??
  딜러란 일반인이 스마트 러쉬에서 핸폰 개통을 한 사람을 말합니다.
 스마트 러쉬의 딜러가 되면 스마트 러쉬의 홍보활동을 시작할수 있습니다.
 스마트 러쉬의 홍보 활동은 사이버상에서 이루어지게 되는데
 스마트 러쉬의 홍보 활동은 자신이 시간나는 아무때나 상관이 없습니다.
         이처럼 스마트 러쉬는 개통 서비스와 딜러란
 스마트 러쉬 홍보 업무를
 같이 진행 할 수 있는 재택 업무도 같이 할 수 있는
 회사 입니다.
          그럼 스마트 러쉬의 딜러가 되면
 어떤점이 좋을까여??
  장점과 단점이 있겠져??
   단점부터 얘기하는게 더 잼있겠져??
 단점이 없는건 없겠져??
 스마트 러쉬의 단점은
 일단 시간과 공간의 재약이 없다보니 자신이 하지않으면
 아무 소용이 없다는 점이겠져~~
 한국사람은 시키는건 잘 합니다.
 근데 시키지 않고 알아서 하라고 하면 잘 못합니다.
 알아서 시간 날때 아무때나 할수 있다보니 자꾸 미루게 되는 경우가
 생기면 '내일하면 되지~~' 이케 한두번 되면 하기 시러지는게 사실입니다.
 어차피 일반 매장과 비슷한 조건이고 누가 시켜서 하는게 아니다 보니
 자기가 않하게 되면 어쩔 수 없다는 얘기가 됩니다.
 그럼 스마트 러쉬에서 딜러가 되더라두 아마 필요가 없게 됩니다.
          첫번째 단점은 미루기가 쉽고 그럼 하기 시러지고
 결국엔 포기하게 된다는 점이져~~
 또하나의 단점은 일반 매장보다 약간의 해택이 적다는 겁니다.
 일반 매장에 해택이라 해봤자 핸폰 개통비용의 할인이 적다는것과
 일반 매장에서 지급되는 악세사리가 지급이 않된다는 점입니다.
 근데 일반 매장의 해택이라하는 것들에 대해 아셔야 할게 있습니다.
 무료로 주는것처럼 보이지만 그렇치 않습니다.
 일단 여러분들이 일반 매장에서 개통하게 되면
 할부 기간동안 자신의 요금의 일정부분을 매장이 다 먹습니다.
 얼만지는 각각 기기의 특성에 따라 다르기 때문에 차이가 있지만
 할부가 30개월이면 30개월동안 여러분이 낸 요금을 그 매장에서 먹는데
 그정도의 악세사리는 다 줄 수 있는겁니다.
 하지만 스마트 러쉬는 그런 악세사리대신 스마트 러쉬 홍보 활동을
 할 수 있는 권한을 부여 받습니다.
          그 권한을 가지고 사이버 상에서 스마트 러쉬의 홍보를 하는데
 스마트 러쉬의 홍보에 필요한 모든 정보와 여러가지 필요한것들은
 스마트 러쉬 홈피에 다 나와 있습니다.
 스마트 러쉬의 홈피에 모든것들이 제시되어 있어서 자신의
 스탈에 맞게 활용하시면 됩니다.
     오히려 단점이라고 생각하는것들이 자신의 꾸준함만 있으면
 단점이라고 볼 수 없는것들이고 자가가 하나 둘씩하다 보면
 수입도 많이 발생을 합니다.
 처음에 얘기했던 단점이 바로 스스로 하다보니
 오히려 핑계때문에 않하는 경우가
 생기기 때문에 어떻게 보면 자신이 열심히하면
 오히려 수입은 훨씬 많아집니다.
 그럼 스마트 러쉬 홍보 활동을 하면 할 수록 더 많은 수익이
 발생하기 때문에 처음에만 고생 하다는셈 치면 별 어려움 없이
 진행 할 수 있습니다.
 약간의 시간만 있고 열정만 있으면 지금 한번 도전 해보세여~~
 자신의 새로운 면을 볼 수 있습니다.
           마지막으로 젤 중요한 수익적인 면에서
 얘기해볼께여~~
     일단 돈을 얼마나 버는지를 설명을 드리자면
 부업계념으로 생각하시는 분들도 있고
 나중에는 본업과 부업이 수익이 바뀔 수도 있으니
 우선 부업적인금액부터 얘기해바여~~
 내가 스마트 러쉬 딜러가 되고나서
 스마트 러쉬 홍보 활동을  시작하면
 일단 홍보 지원금이란게 나옵니다.
 금액은 하루 최대 15마넌입니다.
 내가 스마트 러쉬 딜러가 되고 한달에 한명정도의 스마트 러쉬 딜러를
 모집하게 되면 50마넌 정도의 수익이 생깁니다.
 그럼 한달에 약 65마넌 정도의 수익이 생깁니다.
 물론 기종에 따라 약간의 차이는 있을수 있습니다.
 한달 서너시간 부업치곤 약간 적은 금액입니다.
      그럼 한주에 한명정도로 한달을 개산하면
 200마넌에 스마트 러쉬 홍보 지원금이 나오니까 둘을 더하면
 215마넌 정도의 수익이 발생을 합니다.
 그럼 부업치곤 적지않은 금액이라고 생각합니다.
 그런데 부지런한분이나 재택에서 컴퓨터를 쉽게 접하는 분은 더 많은
 스마트 러쉬 홍보를 할 수 있으면 수익은 더 많이 발생하겠져~~
 스마트 러쉬는 자기가 한만큼 벌어 갈수 있습니다.
 홍보 활동을 하지 않은면 그만큼 수익은 줄것이고
 많이 하는 분은 많은 수익을 얻어 가겠져~~
 선택은 여러분들이 하시는 겁니다.
 이제 약간이라두 관심이 생기신 분들은 그냥 가지 마시고
 스마트 러쉬 홈피라도 들어가서 구경이라도 하고 가세여~~
     나한테는 왜 기회가 없는지 모르겠다고 한탄만 하지 마시고
 기회는 찾는사람한테 더 많이 찾아 온다고 합니다.
 지금 바로 지금이 그 기회일지두...",부업,2012.07.07. 23:04,조회 7,,30개월,naver_cafe,20340660,후회,https://cafe.naver.com/f-e/cafes/20340660/articles/130791?boardtype=L&referrerAllArticles=true&inCafeSearch=true&query=%ED%9B%84%ED%9A%8C&art=aW50ZXJuYWwtY2FmZS1hcnRpY2xlLXJlYWQtaW5DYWZlLXNlYXJjaC1saXN0.eyJ0eXAiOiJKV1QiLCJhbGciOiJIUzI1NiJ9.eyJjYWZlVHlwZSI6IkNBRkVfSUQiLCJhcnRpY2xlSWQiOjEzMDc5MSwiaXNzdWVkQXQiOjE3NzUwMzg0NzAyNjIsImNhZmVJZCI6MjAzNDA2NjB9.UTp2rYiTuEqCXvBv3sfF-SBt3Tslsdq4joYEXPdIulA&page=17,0,1,0,0,0,0,1
후회하고 있어요.,"안녕하세요! 문득 옛생각에 빠진 재택근무사 영이에요.
오늘처럼 비가 내리는 날에는 저의 바이오리듬이 많이 다운되는데요.
이럴때면 옛 생각에 잠기곤 해요.
재택알바를 시작하고 나서인지
오늘은 처음으로 알바를 시작했던 14년전이 생각이 나네요.
엄마가 집에서 부업을 하시게 되어 저는 엄마일을 도와드렸어요.
전자제품의 부속품을 만드는 일이었는데~
전 부업을 하시는 엄마보다도 많은 돈의 부업비를 받았었어요.
그 이후로 고등학교때 고기짓알바, 대학교때 빵집알바, 식당서빙,
방학때마다 과자공장, 막걸리통 만드는 공장 등 많은 알바를 해왔어요.
그래서인지 재택알바를 하고 있는 이 순간이 무척이나 후회가 되지 뭐에요!!
왜 후회가 되냐고요?
너무 늦게 이 일을 알게 되었기 때문이에요.
여러가지 알바를 해왔지만 모두 많은 시간을 투자해야만 돈을 벌 수가 있었어요.
시간제 알바였기 때문에 여가시간도 거의 없었고요.
그런데 지금 제가 하는 재택알바는 실적제이기 때문에
시간의 구애를 받지 않아 가장 좋은 것 같아요.
퍼스트드림 본사 내부 사진들이에요.
 

믿을만한 회사인지, 혹여 다단계는 아닌지 걱정이시죠?
9년동안 건재해온 회사로 인터넷 재택알바 부분에서 1위를 할 정도에요.
공정거래위원회에 통신판매사업자로 등록되어 있는 믿을 만한 회사
여러 언론매체로부터 인터뷰도하고 상도 받은 그런 회사라면 믿으실 수 있으시겠죠?!
제게 믿음을 준 자료들이에요. 여러분도 믿어주세요.
  재택알바를 시작하게 되면 무슨 일을 하게 되나요?
퍼스트드림 홈페이지와 퍼스트샵 쇼핑몰, 아이엠씨010 쇼핑몰, 미리투어 쇼핑몰 등
3개의 쇼핑몰을 분양받게 되는데요.
자신이 원하는 사이트에 대해 인터넷상에 자유롭게 홍보를 해주시면 되는 일이에요.
다른 일은 하지 않아도 되요. 오로지 홍보만 해주시면 되는 일!!
  홍보활동을 꾸준히 하신 정회원들께 돌아가는 수익이에요.
1건의 실적발생시 정회원은 21만원, 신규정회원의 경우 +7만원이 더 지급되어
28만원을 받으실 수 있어요.
그외의 3개의 쇼핑몰을 홍보하셨을 경우 그 수익이 발생되면 지급되게 되어있어요.
매달 1건의 실적만 발생한다고 해도 손해보는 알바는 아니라는 거!!
 어떠세요? 제가 후회하는 이유를 아시겠죠?!
일하고 싶은데 막당한 일자리를 찾기 힘든 주부님들
등록금 걱정하며 전전긍긍하고 있는 대학생, 휴학생들
월급만으로는 허리 졸라매야하는 직장인분들
여러분들께 적당한 재택알바랍니다.
고민마시고 무료회원가입하셔서 상담 한번 받아보세요.
고민하고 계신 점들 모두 해결해 드릴거에요.
혹여 부담되시는 분들은 제게 먼저 연락하세요!! (chdxks@nate.com, h.p 010-4167-1765)
 후회없는 하루가 되시길!!",부업,2012.07.05. 16:40,조회 2,"28만원, 7만원, 21만원",,naver_cafe,20340660,후회,https://cafe.naver.com/f-e/cafes/20340660/articles/130311?boardtype=L&referrerAllArticles=true&inCafeSearch=true&query=%ED%9B%84%ED%9A%8C&art=aW50ZXJuYWwtY2FmZS1hcnRpY2xlLXJlYWQtaW5DYWZlLXNlYXJjaC1saXN0.eyJ0eXAiOiJKV1QiLCJhbGciOiJIUzI1NiJ9.eyJjYWZlVHlwZSI6IkNBRkVfSUQiLCJhcnRpY2xlSWQiOjEzMDMxMSwiaXNzdWVkQXQiOjE3NzUwMzg0NzAyNjIsImNhZmVJZCI6MjAzNDA2NjB9.7RS_EO4ngKQ4hAuRcvvzb7yorDs9MeYFf26mvoBybro&page=17,0,1,0,0,0,1,0
폐차? 수출? 소중한 내차 처분전에 상담해보고 손해보지 마세요,"안녕하세요
중고차 수출하는 아빠
시우트레이딩 이성진입니다
많은분들이 주행거리가 많고
연식이 오래되면
중고차폐차 먼저 생각하시는데요
중고차폐차를 하시게되면
고철의 시세에 따라
차량금액이 측정되기때문에
쓸만한 차량이라해도
제값을 받지 못하세요
주행거리가 많거나 연식이 오래된 차량도
중고차수출용으로 판매하면
폐차비용보다 좋은조건으로
중고차 판매가 가능합니다
중고차 수출이란
국내에 운행중인 중고차(국산차, 수입차 모두포함)를
수출업체에 판매하는 방식으로
수출업체가 매입한 차량을
수출국 바이어를 통해
수출하는 방식입니다
많은 주행거리,
오래된 연식,
비인기차종도
모두 중고차폐차보다
높은가격으로
중고차수출 판매 가능합니다
자동차등록증, 신분증 사본만 있으면
간단하게 자동차말소 서류정리 가능합니다
언제든 문의주시면
친절하게 상담해드리겠습니다
010-5588-8881",부업,2024.05.21. 12:18,조회 0,,,naver_cafe,20340660,손해,https://cafe.naver.com/f-e/cafes/20340660/articles/877244?boardtype=L&referrerAllArticles=true&inCafeSearch=true&query=%EC%86%90%ED%95%B4&art=aW50ZXJuYWwtY2FmZS1hcnRpY2xlLXJlYWQtaW5DYWZlLXNlYXJjaC1saXN0.eyJ0eXAiOiJKV1QiLCJhbGciOiJIUzI1NiJ9.eyJjYWZlVHlwZSI6IkNBRkVfSUQiLCJhcnRpY2xlSWQiOjg3NzI0NCwiaXNzdWVkQXQiOjE3NzUwMzg0ODM2NzUsImNhZmVJZCI6MjAzNDA2NjB9.qy9kjCIbm3BO2tMnRPsYxLptooNkOj5Lzr3XbMbbdRo&page=2,0,1,0,0,0,0,0
"SNS를 하나라도 하고 있다면, 제휴마케팅 안하면 손해입니다","2024년 온라인 트렌드를 알고계시나요?
바로 ""마이스토리, 나의 이야기"" 라고 합니다
나의 이야기를 잘 구성하면
트렌드를 선도할 수 있을거에요.
""제휴마케팅"" 에 대해서 알고 계시나요?
나의 블로그, 인스타, 유튜브 같은 SNS에서
링크를 통해 구매가 일어나면
수수료를 지급받는 것을 말합니다.
보통 흔히 하는 제휴마케팅이
'쿠ㅍ파트너스' 입니다
(쿠ㅍ파트너스 수수료 / 약 1~3%)
저는 이 글을 읽는 분들께 차원이 다른
""제휴마케팅""을 제안합니다.
(수수료 약 6~31%)
그리고 수수료에서 끝나는 것이 아니라
""지속가능한 수입""이 만들어 집니다.
파이프라인과 같은 소득 구조가 가능한
제휴 마케팅입니다.
단순하게 한번의 수수료를 받고 끝나는 것에
시간을 쓰는건 아깝다고 생각해요.
저는 직접 제휴마케터로 활동하며
제휴마케터를 디렉터 하고 있습니다.
현재 열심히 일을 하고 있으면서도
하루 1~2시간 정도를 배우고 익혀서
온라인 제휴마케팅을 해보고 싶다면
댓글이나 쪽지를 보내주시면,
메일로 상세 제안서를 보내드릴게요.
꼼꼼히 읽어 보시고, 많은 분들이 제휴마케팅을 통해서
어려운 시기에 재정적으로 여유를 만드시길 바랍니다!",부업,2024.02.13. 17:25,조회 3,,2시간,naver_cafe,20340660,손해,https://cafe.naver.com/f-e/cafes/20340660/articles/869976?boardtype=L&referrerAllArticles=true&inCafeSearch=true&query=%EC%86%90%ED%95%B4&art=aW50ZXJuYWwtY2FmZS1hcnRpY2xlLXJlYWQtaW5DYWZlLXNlYXJjaC1saXN0.eyJ0eXAiOiJKV1QiLCJhbGciOiJIUzI1NiJ9.eyJjYWZlVHlwZSI6IkNBRkVfSUQiLCJhcnRpY2xlSWQiOjg2OTk3NiwiaXNzdWVkQXQiOjE3NzUwMzg0ODM2NzUsImNhZmVJZCI6MjAzNDA2NjB9.xWnytBz1FXrkm-RFus6lee2xBwT0JNG_yCYtn5Ufbbw&page=2,0,1,0,0,0,0,1
폐차? 수출? 소중한 내차 처분전에 상담해보고 손해보지 마세요,"안녕하세요
중고차 수출하는 아빠
더드림무역의 이성진부장입니다
오래되거나 주행거리는 많지만
폐차하기 아깝다고 생각하는 중고차
폐차할지 수출할지 잘 모르시겠다고요?
그럼 저에게 언제든 문의주세요
폐차는 친절하게
수출은 최고가로 깔끔하게 매입하겠습니다
전화, 문자, 카카오톡 24시간 상담 가능하니
부담갖지 마시고 연락 주세요
010-5588-8881",부업,2022.05.20. 11:46,조회 1,,24시간,naver_cafe,20340660,손해,https://cafe.naver.com/f-e/cafes/20340660/articles/803383?boardtype=L&referrerAllArticles=true&inCafeSearch=true&query=%EC%86%90%ED%95%B4&art=aW50ZXJuYWwtY2FmZS1hcnRpY2xlLXJlYWQtaW5DYWZlLXNlYXJjaC1saXN0.eyJ0eXAiOiJKV1QiLCJhbGciOiJIUzI1NiJ9.eyJjYWZlVHlwZSI6IkNBRkVfSUQiLCJhcnRpY2xlSWQiOjgwMzM4MywiaXNzdWVkQXQiOjE3NzUwMzg0ODg3NTIsImNhZmVJZCI6MjAzNDA2NjB9.NlGIKCMjg7zILni1grInTt6du2QJrNnHZxeM_zosKew&page=4,0,1,0,0,0,0,1
KB손해보험사에서 연봉 1억에 도전해보세요,"손해보험사 근무하여 년봉 1억에 도전해보세요
당신은 무궁 무진한 능력을 발휘하지 못하고 있습니다
1년 연봉 1억 이상인 사람이 6,000명을 넘어선지도 오래,,,
당신도 해낼수 있습니다  지금 당장 도전하세요
망설이면 그만큼 당신이 손해입니다 연락주세요
               010-8213-6737",부업,2018.08.05. 13:25,조회 6,,,naver_cafe,20340660,손해,https://cafe.naver.com/f-e/cafes/20340660/articles/567429?boardtype=L&referrerAllArticles=true&inCafeSearch=true&query=%EC%86%90%ED%95%B4&art=aW50ZXJuYWwtY2FmZS1hcnRpY2xlLXJlYWQtaW5DYWZlLXNlYXJjaC1saXN0.eyJ0eXAiOiJKV1QiLCJhbGciOiJIUzI1NiJ9.eyJjYWZlVHlwZSI6IkNBRkVfSUQiLCJhcnRpY2xlSWQiOjU2NzQyOSwiaXNzdWVkQXQiOjE3NzUwMzg1MDc4MzMsImNhZmVJZCI6MjAzNDA2NjB9.C2ufEi91vFUJIj9ra3Hmb4cVRRuphz3crd9TerAE9Ck&page=11,0,1,0,0,0,0,0
섣부른 창업으로 손해 보지 마시고! 리스크없는 창업 하세요!!,"소자본으로 무점포 창업을 할 수 있는 좋은 기회입니다.
처음부터 끝까지 예비 사장님을 위해 모든 것을 도와 드리고 있습니다.
     1인가구가 증가하고 있는 시점에서 1인가구를 위한 많은
가전제품, 식품,생활용품이 나오고 있습니다.
이 시기에 발맞추어 1인가구를 위한 소형이사 창업을 하시는 것 어떠실까요?
     성공을 위해 짐도리가 돕겠습니다. 080-2424-8585
성공한 창업주가 되어 보세요^^*",부업,2016.10.10. 15:12,조회 7,,,naver_cafe,20340660,손해,https://cafe.naver.com/f-e/cafes/20340660/articles/445449?boardtype=L&referrerAllArticles=true&inCafeSearch=true&query=%EC%86%90%ED%95%B4&art=aW50ZXJuYWwtY2FmZS1hcnRpY2xlLXJlYWQtaW5DYWZlLXNlYXJjaC1saXN0.eyJ0eXAiOiJKV1QiLCJhbGciOiJIUzI1NiJ9.eyJjYWZlVHlwZSI6IkNBRkVfSUQiLCJhcnRpY2xlSWQiOjQ0NTQ0OSwiaXNzdWVkQXQiOjE3NzUwMzg1MTQ5MDUsImNhZmVJZCI6MjAzNDA2NjB9.Z5-9aorI0rgIbXUj7INNoUsEe8dZy634Xf3MZA6parc&page=14,0,1,0,0,0,0,0
"드림큐 무실적에대한걱정,초기비용손해?","안녕하세요. 코큰아이입니다 :)
   오늘도 여전히 밖에는 비가 주륵주륵내리면서 하루가 시작되네요 :) 
날씨도 선선하니 기분좋게 포스팅을 하고있습니다.
 오늘은 바로 본론으로 들어가볼까요? ㅎ
 전에도 말씀드렸듯이
 드림큐를 하기 전에 고민하는 사람들은
 1.초기비용
2.무실적대한걱정
3.업체에 대한 신뢰
 이렇게 3가지로 구분지었는데요^^
 오늘은 무실적에 대한 걱정을 없애버리는 시간을 가지도록할께요^^ 
  이렇게 드림큐 정회원이 되기워해선 초기비용이 필요하답니다^^
 하지만, 보기다싶이 가장 비용이 비싼 소호창업형은 
 495.000원이예요 ㅎ
 그럼 여기서 잠깐?^^ 
미실적지원금이라는게 있어요 ㅎ
   한달에 미실적지원금이 최대 750.000원까지? ㅎ
 그럼 이미 초기비용은 되찾은거네요? ^-^
 최대비용이니까 최소 몇십만원까지는 커버가 되는거네요^^


 플러스!!
 다른 다양한 종류의 수익에서도 이익을 뽑아 낼수있다는점^^
 글쓰기수익같은경우는 저도하고있는데요 ㅎ 한달에 꾸준히 1시간씩만
 하신다면 10만원정도의 부수입을 올릴 수 있더라구요^^ 주부님들은
 하루에 3~4시간씩하셔서 한달에 30만원넘게 받아가시더라고요..
 저도 그렇게 할까봐요 ㅎ ^^
 새롭게 시작하는 부업 드림큐를 저랑같이 시작해보시는건 어떨까요^^?
 언제든 24시간 기다리고있으니까요 ㅎ 언제든 연락주세요~
 어떤건지 얘기만 받으셔도 괜찮습니다 ~!!",부업,2014.08.04. 00:09,조회 3,"000원, 30만원, 10만원","1시간, 24시간, 4시간",naver_cafe,20340660,손해,https://cafe.naver.com/f-e/cafes/20340660/articles/293239?boardtype=L&referrerAllArticles=true&inCafeSearch=true&query=%EC%86%90%ED%95%B4&art=aW50ZXJuYWwtY2FmZS1hcnRpY2xlLXJlYWQtaW5DYWZlLXNlYXJjaC1saXN0.eyJ0eXAiOiJKV1QiLCJhbGciOiJIUzI1NiJ9.eyJjYWZlVHlwZSI6IkNBRkVfSUQiLCJhcnRpY2xlSWQiOjI5MzIzOSwiaXNzdWVkQXQiOjE3NzUwMzg1MTc4MDQsImNhZmVJZCI6MjAzNDA2NjB9.QI3nGgKgzrCg7IqQbiStJ9TMWN76VOdBHSrO4ReabWw&page=15,0,1,0,0,0,1,1
"<드림큐>집에서 손쉽게 벌 수 있는 재택부업, 모르면 손해","안녕하세요~!! 재택알바에 투잡하고 있는 드림큐 보물단지 서원예은맘이에요^^   
    오늘은 출첵 지원금 신청해서 너무 기분이 좋아용~~~ 
 ﻿     드림큐는 리셀러 수익 뿐만 아니라 글쓰기 수익, 자동 수익, 출첵 지원금 등 수익 종류가 10가지나 되요!
 틈틈히 시간만 내면 저도 글쓰기 하면서 회원님들과 수다도 떨고 정보도 얻고, 돈도 벌어가요~
  ﻿ ﻿ 처음에 재택알바,부업 찾아보면서 참 마음 고생을 많이 했어요  
 해야 될까, 말까부터 이렇게 많은 알바와 부업 중에 무엇을 골라야할까, 요즘 사기가 많다고 하는데 믿을 수 있는지, 
  일하면서 내가 할 수 있을까, 돈은 벌어야 할텐데.. 
 정말 많은 생각을 하며 이러한 제 고민과 걱정을 한 번에 날려줄 알바를 구하기가 힘들더라구요ㅠㅠ 
 한 달여를 퇴근 후에 집에와서 고르고 또 골랐죠~ 
 이렇게 고르고 난 뒤에는 바로 망설임없이 드림큐를 선택했어요. 
  ﻿  솔루션 비용이 처음엔 좀 고민이 되었는데 믿을 수 있는 곳이고, 제가 평생 틈틈히 해야겠다 마음 먹고 시작한 것이라.. 
 그리고 이 보다 더 많이 벌 수 있다는 믿음이 더 컸었어요. 
 홍보나 마케팅, 이런 거 전혀 모르고 블로그는 본 적도 없는 제가 하나씩 배워가며 블로그도 개설하고, 홍보하고 
 정말 하니까, 부딪히니까 다 되더라구요^^ 
 혼자 하려면 더 막막하고 힘들었을텐데 그리고 시간이 더 많이 걸렸을거에요.  
 저 같은 컴맹이라면 아마 블로그 만드는데 한달은 걸렸을거에요ㅋㅋㅋ 
 ﻿ ﻿  추천인 만나서 블로그 만들고 사용하는 법, 홍보하는 법, 드림큐 수익들에 대해 배우고 하나 하나 차근차근 하다보니  
 준회원도 발생하고 드림큐 통해서 가입 인사금, 글쓰기 수익금, 출석체크비도 받구요~
 무엇보다 틈틈히 할 수 있어서 더 좋은 것 같아요.  
 재택알바에만 매달려서 다른 일들을 소홀히 하면 안되겠죠~그리고 재미없을 것 같아요.  
 출퇴근 시간, 이동 시간, 점심 시간, 퇴근 후에 활용할 수 있는 시간 틈틈히 해도 충분하니까 그것도 참 좋은 것 같아요.  
 드림큐 하면서 좋은 분들 많이 알게 되서 좋구요^^ 
      ﻿  ﻿    가끔 글쓰기 하면서 새로 가입하신 분 보면 추천인 없이 들어와서 고생 많이 하시더라구요.  
 어떻게 해야 될 지 모르니 막막하고 그래서 재가입하시는 분들도 계세요~너무 안타깝잖아요ㅠㅠ 
 그런 실수 하지 마시고, 처음부터 저처럼 찬찬히 다 알아보시고 추천인도 잘 골라서 하시면 좋겠어요.  
  ﻿   그렇다고 추천인이 다 해주는 건 아니에요~방법이나 도움되는 것들을 많이 알려주시지만 하는 건 모두 다 제몫인 것 같아요.  
 제가 얼마나 그 방법들을 사용하고, 열심히 하느냐는 자신이 해야하는 것이니까요.
 저 드림큐 보물단지는 추천인 도움 받은 것들 하나 하나 다 시도해보고, 매일 틈틈히 하고 있어요~ 
 제가 해야 나중에 추천인이 되어서도 저를 통해 가입하신 분 잘 알려드릴 수 있잖아요 ㅎㅎ 
 조급해하지 않고, 천천히 그렇지만 꾸준히 성실하게 하면 그 노력만큼 드림큐는 통장으로 돌려주니깐요^^ 
  ﻿ 드림큐 가입하실 때 추천인 꼭 확인하세요~추천인 없이 하면 힘들어요 ㅠㅠ 힘들어하시는 거 많이 봤기 때문에..
 제가 추천인이 되어서 블로그 만드는 방법, 홍보 방법, 노하우 등 제가 경험하고, 알아낸 것들 알려드리고 도움드릴께요!! 
 드림큐 하면서 서로 도움주고, 도움받으면서 하면 더 재미있을 것 같아요~ 
 무엇보다 이렇게 알게 된 것도 참 인연이라고 저는 생각해요^^  
 한 사람, 한 사람의 인연을 소중하게 여기는 저 드림큐 보물단지 믿고 재택알바, 도전해보세요~~ㅎㅎ﻿",부업,2013.10.31. 16:05,조회 1,,,naver_cafe,20340660,손해,https://cafe.naver.com/f-e/cafes/20340660/articles/241092?boardtype=L&referrerAllArticles=true&inCafeSearch=true&query=%EC%86%90%ED%95%B4&art=aW50ZXJuYWwtY2FmZS1hcnRpY2xlLXJlYWQtaW5DYWZlLXNlYXJjaC1saXN0.eyJ0eXAiOiJKV1QiLCJhbGciOiJIUzI1NiJ9.eyJjYWZlVHlwZSI6IkNBRkVfSUQiLCJhcnRpY2xlSWQiOjI0MTA5MiwiaXNzdWVkQXQiOjE3NzUwMzg1MTc4MDQsImNhZmVJZCI6MjAzNDA2NjB9.UMd60ZAtVzvB13pRE1UTXD5EZanysvxnH80x4d1YaHs&page=15,1,1,0,0,0,0,0
직장인 투잡 / 주부 부업. 절대 손해보지 않는 일자리 입니다.,"안녕하세요! 카인드 프라이스 Mark 딜러입니다.
 요즘 많은 직장인 분들을 비롯해서 주부님들. 대학생분들까지
 참 많은 분들이 집에서 짬짬히 일하고, 돈을 벌 수 있는 일자리를 찾으십니다.
  하지만 알아보고 또 알아봐도 일자리 구하는 게 어디 쉽나요...
 뭐 하나가 맘에 안들고, 뭐 하나가 거슬리고...
  저 역시 많이 알아고보, 실제로 많은 일도 많이 해봤는데요 ㅎ
  그리고 손해도 많이 봤고... 좌절도 많이 했습니다 ㅜ
  그리고 제가 지금 최종적으로 하고 있는 일이 바로 카인드 프라이스 딜러 일인데요~
   물론 처음 핸드폰 개통을 해야한다는 부분이 맘에 많이 걸렸습니다;
 예전에 F 모 회사에서도 핸드폰 개통을 하고 딜러 일을 시작했다가
 막대한 핸드폰 요금. 위약금을 물고 관둔적이 있기에 더 심했습니다.
   그래서 다시는 핸드폰 개통을 하고 시작하는 일은 하지 않겠다 다짐했었는데요 ㅎ
  카인드 프라이스는 핸드폰 개통을 할 뿐
 핸드폰 요금에 대한 걱정은 전혀 할 필요가 없는 회사라 맘 놓고 시작했습니다 ^^
     카인드 프라이스는 하루 일정량의 홍보업무만 해주신다면
 실적과는 무관하게 하루 만원씩, 한달 최대 30만원의 핸드폰 지원금을 드리고 있습니다.
   위 4가지 업무가 하루 만원씩 적립하시기 위해서 하셔야 하는 일인데요~
 복사, 붙여넣기, 타이핑 만 하실 줄 안다면 ~
 하루 1-2시간만 투자하셔서 충분히 하실 수 있는 일입니다.
    저 Mark 딜러도 처음에 일을 시작할 때는, 핸드폰 지원금이나 꼬박꼬박 받아가자는 마음으로 시작했구요
 그렇게 홍보글을 꾸준히 올리다보니, 어느덧 인터넷에 제가 올린 글들이 많아지고
 연락오시는 분들도 생기고 실적도 생겼습니다.
     실적이 생긴다고 해서 홍보지원금을 못받으시는게 아니구요~
 실적이 나오면 실적수당 + 핸드폰 지원금을 받으시고
 실적이 없으면 핸드폰 지원금을 받으시기 때문에
 절대로 손해보는 일은 없는 일입니다.
    위 사진에서 보실 수 있는 것 처럼 실적수당 역시 적은 금액은 아닙니다.
   꾸준히 일해주신다면 누구든지 돈을 벌어가실 수 있는 투잡 / 부업 / 알바입니다 ^^
   물론, 직장생활을 하면서 받는 월급보다 많은 금액을 받기는 힘들겠지요~
 하지만, 하루 1-2시간만, 그것도 집에서 일하면서 큰 돈을 바라기에는
 어패가 있지 않나 생각합니다 ^^
      카인드 프라이스는 100% 무료 회원가입입니다.
 가입하셔서 이것저것 회사에 대한 여러 정보들 읽어보시구요~
궁금하신 부분은 상담사와 상담도 하실 수 있습니다.
   홈페이지 가입이 맘에 걸리시는 분들은
 전화 / 문자 : 010 - 3968 - 5577
카카오톡 : mark1007
E-mail : sgm1007@naver.com
  문의주시면, 언제가 됐든 친절하게 상담해드리겠습니다.
 좋은하루되세요^^",부업,2013.10.10. 17:22,조회 2,30만원,2시간,naver_cafe,20340660,손해,https://cafe.naver.com/f-e/cafes/20340660/articles/237196?boardtype=L&referrerAllArticles=true&inCafeSearch=true&query=%EC%86%90%ED%95%B4&art=aW50ZXJuYWwtY2FmZS1hcnRpY2xlLXJlYWQtaW5DYWZlLXNlYXJjaC1saXN0.eyJ0eXAiOiJKV1QiLCJhbGciOiJIUzI1NiJ9.eyJjYWZlVHlwZSI6IkNBRkVfSUQiLCJhcnRpY2xlSWQiOjIzNzE5NiwiaXNzdWVkQXQiOjE3NzUwMzg1MTc4MDQsImNhZmVJZCI6MjAzNDA2NjB9.-SWhSGMLjMzh13MpQUiHuftpE58TCL6UYWuLQngQiNQ&page=15,0,1,0,0,0,1,1
유트브 부업사기 피해,"어느날 전화가 걸려와 유트부 영상 보고 스브린샷을 올려 수익을 얻는 알바라고 해서 시작했읍니다
고액미션을 해 보겠냐고 해서 30만원부터 시작해서 90만원 부터 미션실패(사건초과)라고 하면서 150만원까지 헀는데
다 잃고 한 푼도 못받았읍니다 경찰에 고소장을 올렸는데 잃은돈을 돌려 받을수 있을까요",부업,2025.08.08. 18:31,조회 23,"90만원, 30만원, 150만원",,naver_cafe,20340660,사기,https://cafe.naver.com/f-e/cafes/20340660/articles/909882?boardtype=L&referrerAllArticles=true&inCafeSearch=true&query=%EC%82%AC%EA%B8%B0&art=aW50ZXJuYWwtY2FmZS1hcnRpY2xlLXJlYWQtaW5DYWZlLXNlYXJjaC1saXN0.eyJ0eXAiOiJKV1QiLCJhbGciOiJIUzI1NiJ9.eyJjYWZlVHlwZSI6IkNBRkVfSUQiLCJhcnRpY2xlSWQiOjkwOTg4MiwiaXNzdWVkQXQiOjE3NzUwMzg1MzI2MjMsImNhZmVJZCI6MjAzNDA2NjB9.a52vHOq5hydKnWrYx9uTB_PpdKB-Os3f8F8OiSG6wj8&page=1,1,1,0,0,0,1,0
다들 사기가 아닌 돈 투자가 아닌 집에서 하는거,"다들 비싼돈 주고 집에서 돈 많이번다? 글 많이보았지!?
돈 투자가 아닌 집에서 편하게 하고싶은거 하면서 하는 사업이있어 사기가 아닌 진짜로 내가 하는만큼 하는거야 그만큼 얻는것도 많겠지? 궁금하면 댓글로 문의 남겨줘
절대 돈 투자가 아니야",부업,2025.06.14. 18:51,조회 35,,,naver_cafe,20340660,사기,https://cafe.naver.com/f-e/cafes/20340660/articles/905795?boardtype=L&referrerAllArticles=true&inCafeSearch=true&query=%EC%82%AC%EA%B8%B0&art=aW50ZXJuYWwtY2FmZS1hcnRpY2xlLXJlYWQtaW5DYWZlLXNlYXJjaC1saXN0.eyJ0eXAiOiJKV1QiLCJhbGciOiJIUzI1NiJ9.eyJjYWZlVHlwZSI6IkNBRkVfSUQiLCJhcnRpY2xlSWQiOjkwNTc5NSwiaXNzdWVkQXQiOjE3NzUwMzg1MzI2MjMsImNhZmVJZCI6MjAzNDA2NjB9.QvYiQLThaqGJtp2BSsDts1bdUzc1v7hxEzK8enoulmI&page=1,1,0,0,0,0,0,0
대리판매사기,"핸드폰만있으면 가능한 재택근무 희망자 구인!!
🧡핸드폰만있으면 누구나가능하고 끝까지 비용 전혀 안들어가고 요구하지도않습니다!
🧡간단한 업무설명 후 재택근무 하게되며 용돈벌이하실분!
🧡업무 가이드,프로세스,양식 구비되있습니다!
🧡관련경력없어도 주부/학생/투잡 전부 누구나 가능합니다!
🧡하루 평균 3~10만원정도 벌어가십니다!
업무설명은 카톡 yyng2로 문의주세요:)
-이분 사기입니다
대리판매인데 저도 사기당해서 피해자가 발생하였습니다
현재 경찰에 접수한 상태이며 대리판매 알바 조심해주세요",부업,2023.12.25. 22:49,조회 25,10만원,,naver_cafe,20340660,사기,https://cafe.naver.com/f-e/cafes/20340660/articles/866155?boardtype=L&referrerAllArticles=true&inCafeSearch=true&query=%EC%82%AC%EA%B8%B0&art=aW50ZXJuYWwtY2FmZS1hcnRpY2xlLXJlYWQtaW5DYWZlLXNlYXJjaC1saXN0.eyJ0eXAiOiJKV1QiLCJhbGciOiJIUzI1NiJ9.eyJjYWZlVHlwZSI6IkNBRkVfSUQiLCJhcnRpY2xlSWQiOjg2NjE1NSwiaXNzdWVkQXQiOjE3NzUwMzg1Mzc3ODksImNhZmVJZCI6MjAzNDA2NjB9.CuMVSgyKcXEizahqOrFp8k61FbzDW5zHRGh7dSIyJCc&page=3,1,0,0,0,0,1,0
"SYM55,KGFT,FYOU20 이 아이디로 톡 달라고 하는거 다 사기!!","조심하세요
문수연이라는 사업자 등록증 어디서 도용해와서는
마치 자기들이 사업하는 것 처럼 속이고
번개.당근.중고 에 사진이랑 글만 올려주면 알바비 준다면서
사기치는 것들 입니다.
솔직히 저거 올리는거 어려운거 아닌데 지들이 하면 되는거지 왜 굳이 알바를 쓰겠어요
조금만 생각해도 이상합니다.
자기들이 신고당하고 더 이상 활동을 못하니까 남의 아이디로 올리게 만들어 놓고
사기치고 올린사람. 구매한사람 둘다 사기쳐서 돈 벌어먹을 속셈인 것들입니다.
현혹되지 마시고 절대 하지마세요!!
민설아님의 게시글 더보기",부업,2023.09.22. 11:29,조회 27,,,naver_cafe,20340660,사기,https://cafe.naver.com/f-e/cafes/20340660/articles/858685?boardtype=L&referrerAllArticles=true&inCafeSearch=true&query=%EC%82%AC%EA%B8%B0&art=aW50ZXJuYWwtY2FmZS1hcnRpY2xlLXJlYWQtaW5DYWZlLXNlYXJjaC1saXN0.eyJ0eXAiOiJKV1QiLCJhbGciOiJIUzI1NiJ9.eyJjYWZlVHlwZSI6IkNBRkVfSUQiLCJhcnRpY2xlSWQiOjg1ODY4NSwiaXNzdWVkQXQiOjE3NzUwMzg1Mzc3ODksImNhZmVJZCI6MjAzNDA2NjB9.HXG3jRIG-Mdbouy4PclsVvAJKinwKf9MSb57luq7_hw&page=3,1,0,0,0,0,0,0
퍼즐퍼즐이라고 퍼즐리아로 사기치는 분한테 사기당할 뻔 했습니다.,"여기 부업나라에 가입해서 좋은 정보 얻어가려고 했더니
사기꾼한테 사기당할 뻔 해서 상처만 받았네요...
제 신분증 앞면 보내버려서 지금 명의도용차단서비스 신청은 해놨고
그래도 불안해서 오늘 경찰서 가서 분실신고 할 생각입니다.
여기 부업나라 정보 믿을 수 있는거 맞는지 모르겠어요...",부업,2023.08.17. 15:54,조회 45,,,naver_cafe,20340660,사기,https://cafe.naver.com/f-e/cafes/20340660/articles/855300?boardtype=L&referrerAllArticles=true&inCafeSearch=true&query=%EC%82%AC%EA%B8%B0&art=aW50ZXJuYWwtY2FmZS1hcnRpY2xlLXJlYWQtaW5DYWZlLXNlYXJjaC1saXN0.eyJ0eXAiOiJKV1QiLCJhbGciOiJIUzI1NiJ9.eyJjYWZlVHlwZSI6IkNBRkVfSUQiLCJhcnRpY2xlSWQiOjg1NTMwMCwiaXNzdWVkQXQiOjE3NzUwMzg1Mzc3ODksImNhZmVJZCI6MjAzNDA2NjB9.v-5bcpE0w91JRp-3KTcRevD2-7yA8sXyvt5qoXzboEI&page=3,1,0,0,0,0,0,0
쇼핑몰 후기 리뷰 알바 사기 조심하세요,"먼저 결제하라고 하는 곳은 거르세요!!
여기 카페에도 이런 사기 글 많습니다!! 조심하세요!!
여기 대부분이 사기글들이 많아요!!
쇼핑몰 후기 알바 사기조심하세요
대한민국 모임의 시작, 네이버 카페
m.cafe.naver.com",부업,2023.08.08. 16:58,조회 26,,,naver_cafe,20340660,사기,https://cafe.naver.com/f-e/cafes/20340660/articles/854471?boardtype=L&referrerAllArticles=true&inCafeSearch=true&query=%EC%82%AC%EA%B8%B0&art=aW50ZXJuYWwtY2FmZS1hcnRpY2xlLXJlYWQtaW5DYWZlLXNlYXJjaC1saXN0.eyJ0eXAiOiJKV1QiLCJhbGciOiJIUzI1NiJ9.eyJjYWZlVHlwZSI6IkNBRkVfSUQiLCJhcnRpY2xlSWQiOjg1NDQ3MSwiaXNzdWVkQXQiOjE3NzUwMzg1Mzc3ODksImNhZmVJZCI6MjAzNDA2NjB9.2gqJPqpaIyE7xmSwMgASWl3R8YB-Qt9JCy5eadO-bSk&page=3,1,0,0,0,0,0,0
재택부업으로 엄청 간단하고 쉽게 돈벌었어요! 투자X 사기X,"댓글 0URL 복사
네이버에 포블로그 검색 후 로그인하시고
카테고리 > 포스팅 가보시면 영수증리뷰, 구글리뷰, 카카오리뷰들 엄청 많습니다!
중복 선정도 가능하고 미션도 까다롭지않아서 꾸준하게 돈벌이하기 좋습니다!
엄청쉬우니 빨리 ㄱㄱㄱㄱㄱ",부업,2023.01.11. 16:20,조회 12,,,naver_cafe,20340660,사기,https://cafe.naver.com/f-e/cafes/20340660/articles/830996?boardtype=L&referrerAllArticles=true&inCafeSearch=true&query=%EC%82%AC%EA%B8%B0&art=aW50ZXJuYWwtY2FmZS1hcnRpY2xlLXJlYWQtaW5DYWZlLXNlYXJjaC1saXN0.eyJ0eXAiOiJKV1QiLCJhbGciOiJIUzI1NiJ9.eyJjYWZlVHlwZSI6IkNBRkVfSUQiLCJhcnRpY2xlSWQiOjgzMDk5NiwiaXNzdWVkQXQiOjE3NzUwMzg1NDM0NDUsImNhZmVJZCI6MjAzNDA2NjB9.SAf3l1IOMRfVYgUTNTGF2JyDvQIfqu8loZVG1pQqnew&page=5,1,0,0,0,0,0,0
"“AI로 암호화폐 거래하세요"" 고수익 미끼 67억 사기친 일당 실형·집유","에휴,....참....
“AI로 암호화폐 거래하세요”… 고수익 미끼 67억 사기친 일당 실형·집유
인공지능(AI) 프로그램을 통해 암호화폐를 거래하면 고수익을 얻을 수 있다고 속여 피...
m.newspic.kr",부업,2021.09.26. 09:27,조회 4,,,naver_cafe,20340660,사기,https://cafe.naver.com/f-e/cafes/20340660/articles/771563?boardtype=L&referrerAllArticles=true&inCafeSearch=true&query=%EC%82%AC%EA%B8%B0&art=aW50ZXJuYWwtY2FmZS1hcnRpY2xlLXJlYWQtaW5DYWZlLXNlYXJjaC1saXN0.eyJ0eXAiOiJKV1QiLCJhbGciOiJIUzI1NiJ9.eyJjYWZlVHlwZSI6IkNBRkVfSUQiLCJhcnRpY2xlSWQiOjc3MTU2MywiaXNzdWVkQXQiOjE3NzUwMzg1NDU4NzEsImNhZmVJZCI6MjAzNDA2NjB9._WDxeW0uusCzOReOT_AgTEU-NAzeOa-MM43xH68YAiY&page=6,1,0,0,0,0,0,0
여기서 보고 주부투자카페 410만원 사기당했습니다.,"어제 저녁 밤 9시 주부-투자 카페알게됨.
운영자채팅으로 투자하면 돈 불려준다며 투자하라고함
50만원입금.하니 단톡에 투자자들 4명 모여있음
200만원씩 가져갈수있다며 수수료 60만원 내라함
내고 나니 더 돈을 불려준다고 하길래 알겠다함.
그러고 수수료 30퍼센트 180만원을 더 내라고 함
냈음.
여기서 부터 계속 또1000만원씩 사이트에서 환전 가능하다고 하며 120만원 내라고 하길래 돈없다고 난리 부림.
다른사람 ""저는 돈 보냈습니다 대표님~^^"" 시전.
결국 120만원 또 보냄.
보내고 나니 사이트 점검중이라 1시에 가능하다해서 2시간을 또 기다림.
새벽1시가 되고 돈 보내달라고 하니
거래내역이있어야한다고 또 200만원을 보내라고 함.
없다고 하니 카페 강퇴 시켰다가 풀었다가
미안하다했다가 이것만하면 돈 준다했다가
사기신고 해라했다가 또 돈준다했다가...반복반복
백두산 사기꾼 잡는 카페에글 올리니니 5분도안되서 글내리면 오늘 오후 7시까지
돈 준다고 함.
사기 당하지마세요 제발 여러분!!!
재생
6
02:04

접기/펴기
여기서 보고 주부투자카페 410만원 사기당했습니다.",부업,2020.11.15. 12:16,조회 70,"200만원, 120만원, 180만원, 1000만원, 410만원, 60만원, 50만원",2시간,naver_cafe,20340660,사기,https://cafe.naver.com/f-e/cafes/20340660/articles/725191?boardtype=L&referrerAllArticles=true&inCafeSearch=true&query=%EC%82%AC%EA%B8%B0&art=aW50ZXJuYWwtY2FmZS1hcnRpY2xlLXJlYWQtaW5DYWZlLXNlYXJjaC1saXN0.eyJ0eXAiOiJKV1QiLCJhbGciOiJIUzI1NiJ9.eyJjYWZlVHlwZSI6IkNBRkVfSUQiLCJhcnRpY2xlSWQiOjcyNTE5MSwiaXNzdWVkQXQiOjE3NzUwMzg1NzQ1OTYsImNhZmVJZCI6MjAzNDA2NjB9.zHV3raMxLx-_w4a0Z0mONgKMWrMXAFjmgnYHocB5MWk&page=17,1,0,0,0,0,1,1
FX사기 이후 라이브스톡으로 복구했어요,"그것이 알고싶다를 보면 많은 분들이 아시겠지만
저는 FX를 사용을 했었어요 ㅜ

계속 손실이 나도 계속해야 복구할수 있고
여기서 그만두면 손실인거라고

그렇게 사기당하는 줄도 모르고 사기를 당하다가
저는 3천정도 돈을 날렸어요...

정답은 FX사기였던것!



그렇게 해결방안을 찾다가 라이브스톡이란 것을 알게 되었어요.
라이브스톡은 타 불법플랫폼들의 장점을 가져오고
불법적요소/단점을 보완한 상품이에요.

차트를 조작해서 우리가 수익을 못따게 할 수도 없어요
그이유는 이중보안 볼록차트를 사용하고 있기 대문이에요

또한 전문가라고 거짓말치며 사람이 투자분석 후에
리딩을 해주는 것이 아닌

인공지능AI 로봇이 모든차트를 기반으로 분석 후에 
우리에게 리딩을 해주고있어요.



그리고 가장 마음에 들었던 부분은
365일 24시간 어디서든 투자를 할 수 있다는 것이지요

실제로 라이브스톡을 하시는 분들과 얘기를 해 보니
20대초반부터 60대분들도 계시고 
남녀노소 불문하고 재테크로 사랑을 받고 있는거 같아요

남들보다 빨리 시작해서
내집마련 1억모으기 등등! 
빨리 이루자구요!

KAKAOTALK
LS100",부업,2020.06.09. 14:01,조회 9,,"365일, 24시간",naver_cafe,20340660,사기,https://cafe.naver.com/f-e/cafes/20340660/articles/701326?boardtype=L&referrerAllArticles=true&inCafeSearch=true&query=%EC%82%AC%EA%B8%B0&art=aW50ZXJuYWwtY2FmZS1hcnRpY2xlLXJlYWQtaW5DYWZlLXNlYXJjaC1saXN0.eyJ0eXAiOiJKV1QiLCJhbGciOiJIUzI1NiJ9.eyJjYWZlVHlwZSI6IkNBRkVfSUQiLCJhcnRpY2xlSWQiOjcwMTMyNiwiaXNzdWVkQXQiOjE3NzUwMzg1ODI0MDcsImNhZmVJZCI6MjAzNDA2NjB9.LWDCzk92lZ25Fyif4oBCeDJTzTv5HTWvzDwPm4_svqM&page=20,1,0,0,0,0,0,1
카나프테라퓨틱스 환불납입일 내일이네요,"청약 넣어두고 내심 기대중이었는데 결과가 살짝 아쉬운;;;
환불 목돈 들어오면 요즘 투자하기 부담되서 한투 ISA계좌로 넣어놔야겠어요
한투 앱보니까 ISA중개형 계좌개설 이벤트도 있던데 ISA 계좌 없는 분들 함 보셔요",부업,2026.03.09. 16:13,조회 172,,,naver_cafe,20340660,환불,https://cafe.naver.com/f-e/cafes/20340660/articles/917873?boardtype=L&referrerAllArticles=true&inCafeSearch=true&query=%ED%99%98%EB%B6%88&art=aW50ZXJuYWwtY2FmZS1hcnRpY2xlLXJlYWQtaW5DYWZlLXNlYXJjaC1saXN0.eyJ0eXAiOiJKV1QiLCJhbGciOiJIUzI1NiJ9.eyJjYWZlVHlwZSI6IkNBRkVfSUQiLCJhcnRpY2xlSWQiOjkxNzg3MywiaXNzdWVkQXQiOjE3NzUwMzg1ODU1MjQsImNhZmVJZCI6MjAzNDA2NjB9.vH-96uoZL8ZXd9ThACaEx7hx0a97UZdUX95r7QJVtgM&page=1,0,0,1,0,0,0,0
